net,length_um
_05467_,615.525
net27,589.88
net118,573.72
_04085_,560.09
net111,538.48
net116,531.13
net83,517.66
net1,517.63
net108,509.14
_04596_,501.765
net81,501.48
net62,494.8
net3,473.15
net69,468.5
net117,465.62
net102,463.49
_02866_,460.37
net43,459.73
_03478_,456.8
_03027_,453.18
_00042_,451.56
_01039_,450.975
_00340_,450.58
net127,444.58
_05541_,443.655
net11,443.655
_05388_,442.92
_01980_,441
_00319_,440.68
_02052_,440.48
net70,439.68
net6,432.6
_00974_,427.535
_05637_,427.44
net10,422.075
net93,420.44
_03583_,419.75
_00623_,418.335
_05468_,411.79
_01050_,408.565
net47,407.93
net107,403.2
_01620_,402.75
net126,398.93
net13,398.33
net66,395.99
_01782_,395.48
_02051_,393.48
_02163_,390.62
_00843_,387.175
net52,384.7
net36,383.95
net34,383.88
_00799_,383.61
_05311_,381.535
_00143_,381.02
_02400_,379.79
_03178_,379.57
_01497_,379.21
net58,378.79
net31,377.16
net55,375.91
_05656_,371.84
_02251_,371.79
net33,370.955
net64,370.44
_01800_,369.97
_00646_,368.29
_04531_,367.13
_00624_,366.69
_01977_,366.66
net113,366.42
net22,365.37
_05676_,362.92
_00428_,362.45
_00439_,360.185
_01357_,359.91
_00657_,359.67
_05320_,359.155
_00409_,357.835
_02227_,356.82
_02178_,356.4
_02390_,355.93
_02447_,355.32
_04976_,354.64
net19,353.98
_02764_,353.33
_01007_,353.12
_03026_,352.64
_02228_,351.74
_01978_,351.465
_02161_,351.14
net89,351.04
_00283_,350.84
_03572_,350.3
_03627_,350.27
_05307_,349.71
_04552_,348.485
net17,345.63
net91,344.03
_00076_,343.93
_04585_,343
_03690_,342.77
_05308_,342.75
net73,342.38
net46,341.98
_01651_,339.98
_00139_,339.97
_00898_,339.21
_02695_,338.94
_02864_,337.71
_00038_,337.39
net14,337.05
_00762_,336.125
_01771_,333.81
net78,333.1
net9,329.88
_00526_,329.48
_00985_,329.18
_02677_,329.01
_01441_,328.27
net5,326.825
_03247_,326.075
net2,326
_01849_,325.97
_02174_,325.92
net44,325.54
_02865_,325.36
_02387_,324.89
net37,324.64
_00758_,324.48
_04889_,323.21
_00548_,322.915
_02345_,321.72
_03672_,320.5
_05497_,320.235
_02230_,318.96
_05410_,318.48
_04998_,318.37
_00297_,318.06
_03736_,317.61
_05310_,317.32
_03091_,317.205
_01356_,316.74
_03675_,315.05
_01041_,314.54
_02065_,314.48
_00900_,313.94
net63,313.04
_02868_,312.865
_02351_,312.61
_00138_,312.04
_03365_,311.08
_02840_,309.27
_00344_,308.99
_01249_,307.875
_02236_,305.68
_02173_,305.42
_00041_,304.9
_03201_,304.32
_01682_,303.9
_05304_,302.72
_04922_,302.595
_00269_,302.585
_02045_,301.28
_05539_,301.22
net16,300.94
_05008_,300.66
_04770_,300.165
_04737_,299.45
_01503_,298.9
net77,298.24
_03006_,295.35
_01046_,294.83
_00751_,293.61
_01662_,293.335
_05464_,292.78
_02941_,291.48
net120,291.44
_00748_,290.6
_00627_,289.93
net38,289.69
_05305_,289.575
_01605_,288.77
_03310_,288.75
_02812_,288.68
_03080_,287.995
_02813_,287.97
_00753_,287.87
_00615_,287.3
_00330_,286.55
_03321_,286.41
_03574_,286.29
_02197_,286.17
_03373_,286.04
_02516_,285.44
net76,285.12
_05659_,284.78
net101,284.66
_00033_,284.29
_05463_,282.71
_02054_,282.335
_03124_,282.195
_00754_,279.885
_03100_,279.82
net53,279.63
_00533_,279.565
_00355_,279.31
_00237_,279.28
net98,279.02
_00495_,278.71
_02325_,277.5
_03524_,277.45
net114,277
_05551_,276.63
_00626_,276.24
_05540_,275.82
_00963_,275.49
net29,275.28
_01500_,275.23
_02459_,275.06
_03341_,273.35
_03294_,273.29
_01042_,271.32
_04802_,270.86
_05574_,270.85
_00496_,270.84
_04781_,270.52
_05585_,269.78
_04748_,269.76
net59,269.24
_01606_,269.22
_03030_,268.36
_02850_,268.02
_03791_,267.75
_03649_,266.14
net18,265.14
_02321_,264.38
_03172_,264.31
net123,263.96
_02721_,262.11
_01864_,261.86
_02160_,261.5
_00987_,261.37
_00356_,260.57
_04716_,260.52
_02281_,259.41
net15,258.98
_05589_,258.9
_05553_,258.49
net56,258.41
net48,258.37
_05419_,257.55
_02984_,257.195
net7,257.14
_02219_,257.12
_00346_,256.65
_03616_,256.155
_00488_,252.835
_05636_,252.77
_01604_,252.685
_00498_,252.22
_01502_,251.91
_03012_,251.685
_02732_,251.31
_02947_,250.42
_01898_,249.23
_02208_,249.14
_05486_,247.68
_00152_,246.97
net60,246.92
_05557_,246.66
_02720_,246.54
_02723_,246.54
_00896_,245.57
_04878_,245.01
_00094_,244.19
_01486_,244.05
_00034_,243.85
_01798_,243.48
_05693_,242.92
_00504_,242.475
net20,241.97
_02944_,241.7
_00635_,240.83
_02699_,240.55
_00537_,240.53
_00411_,240.18
_00349_,239.86
_00668_,239.615
_02576_,239.29
_00392_,238.455
_03387_,238.32
_01671_,237.31
_02919_,236.78
_00798_,236.72
net12,236.48
_01603_,234.77
net86,234.44
_01221_,234.305
_01338_,232.51
_01552_,229.5
_02141_,229.35
_05689_,229.32
_02492_,228.24
net96,227.76
_02862_,226.885
_01610_,226.6
_05284_,226.12
net35,226.03
_02105_,225.575
_01680_,225.33
_02104_,224.94
_02551_,224.04
_03297_,223.51
_02408_,223.23
_01949_,223.16
_02064_,222.6
_00614_,220.8
net32,220.57
_03288_,220.51
_02943_,220.305
net4,219.74
_03323_,219.49
_02705_,219.37
_02320_,219.175
_00249_,219.04
_01903_,218.28
_04549_,217.92
net79,217.82
_00747_,217.79
_00609_,217.6
_02645_,216.59
_02667_,216.57
_00686_,215.99
_02894_,215.68
_00243_,215.22
_00908_,215.155
net30,214.37
_01379_,213.47
_02185_,213.22
_04543_,213.18
_01607_,212.91
_02562_,212.66
_01674_,212.24
_02626_,211.57
_02838_,211.275
_04900_,211.235
_01339_,210.42
_03780_,209.94
_02134_,208.875
_02061_,208.77
_02458_,207.38
_02302_,207.36
net87,207.14
_03489_,206.7
_02553_,206.6
_05319_,206.12
_03440_,205.9
_00546_,205.59
_03055_,205.21
_00150_,205.095
_02751_,204.78
_03827_,203.92
_00236_,203.735
net90,203.32
_00308_,203.31
_05387_,202.69
_02837_,202.33
_00035_,202.12
_02897_,201.2
_00617_,201.04
_00895_,201.03
_00348_,200.99
net61,200.28
_05655_,199.86
_00294_,199.28
_02558_,199.22
_00914_,198.96
_02113_,198.79
_00151_,198.54
_01353_,198.445
_04542_,198.28
_01675_,198.125
_03217_,197.3
_03216_,197.26
_04705_,196.58
net88,196.48
_01759_,196.325
_01856_,195.5
_00361_,193.92
_00690_,193.805
_00084_,193.62
_00350_,193.37
_05502_,192.99
_01109_,192.16
net41,191.87
_03015_,191.64
_00089_,191.34
_03605_,191.235
_05288_,191.12
_00767_,190.83
_03532_,190.76
_00983_,190.39
_05343_,190.17
_04074_,189.96
_04157_,189.88
_03856_,189.02
_00558_,188.94
_01278_,188.225
_05293_,188.2
_03255_,188.13
_03376_,188.12
net28,187.85
_02513_,187.615
_03254_,187.18
_00894_,187.075
_05327_,186.84
_05593_,186.32
_03490_,185.94
net49,185.94
net129,185.46
_02405_,184.98
_00373_,184.86
_03085_,182.02
_05345_,181.79
_01853_,181.62
_05030_,180.12
_01171_,180.06
_00461_,179.87
_02958_,179.47
_02386_,179.08
net115,178.94
_02529_,178.845
_04374_,178.58
net8,178.18
_02976_,178.115
_05552_,177.73
_02843_,177.52
_01355_,177.42
_01247_,177.22
_03332_,175.75
_03834_,175.68
_00195_,175.44
_01762_,175.29
_01852_,174.95
_01499_,174.54
_05341_,174.21
_00087_,174.06
_02060_,173.99
_01943_,173.84
_03433_,172.865
_00387_,172.73
_04043_,170.92
_05635_,170.7
_05425_,170.355
_00154_,169.94
_00358_,169.35
_00252_,168.97
_04726_,168.79
_03491_,168.045
_05550_,167.7
_03171_,167.1
_01935_,167.08
_02036_,166.8
_01414_,166.14
_01040_,165.845
_00610_,165.505
_03968_,165.26
_00354_,164.64
_01582_,164.555
net51,164.39
_01236_,163.68
_00384_,163.155
net45,163.12
_03807_,162.16
_03237_,161.725
_00515_,161.28
_01181_,161.24
_02646_,160.9
_03396_,160.64
_00395_,160.63
_03674_,160.2
_01976_,159.41
_00187_,157.58
_01588_,157.02
net100,156.66
_00556_,156.2
_00235_,155.28
_03324_,154.9
_03238_,154.07
_01385_,154.01
_00810_,152.47
_05423_,152.06
net21,151.96
_00362_,151.945
_00345_,151.56
_00240_,151.46
_02641_,151.26
_05416_,150.32
_04724_,149.875
_01060_,149.55
_01580_,149.34
_00605_,147.97
_00285_,147.48
_02108_,147.45
_01501_,146.58
_01553_,146.52
_02055_,146.29
_03483_,146.11
_00450_,146.095
_03013_,144.8
_03343_,144.26
net92,144.1
net57,143.26
_02692_,143.06
_02666_,142.615
_00830_,142.54
net54,141.57
_00248_,141.5
_01284_,141.35
_01673_,140.49
_00918_,138.34
_04063_,138.18
_05686_,137.61
_00802_,137.34
net119,137.3
_00165_,137.24
_01219_,135.46
net105,135.2
_05318_,134.62
_00421_,134.51
_04520_,133.16
_00343_,132.48
_04800_,131.62
_00408_,131.59
_02079_,131.43
_04883_,130.74
_04732_,130.68
_02136_,130.35
_00832_,129.44
_01416_,128.85
_04153_,128.74
_00232_,128.65
_02177_,128.335
_00750_,128.23
_00048_,128
_00494_,127.91
_00406_,127.895
_01335_,127.76
_02384_,127.65
_00688_,127.28
_01760_,126.955
_00059_,125.5
_01449_,125.39
_00179_,125.35
_03912_,125.1
_00351_,124.65
_00233_,124.49
net106,124.48
_03940_,123.46
_01508_,123.315
_02080_,123.3
_01597_,122.11
_01114_,121.7
_01805_,121.03
_03808_,120.7
_03004_,120.63
_01185_,120.56
_02110_,120.3
_01192_,119.98
_00679_,119.49
_01344_,119.16
_02640_,118.84
_01732_,118.17
_05640_,117.88
_02274_,117.76
_00882_,117.12
_01252_,116.12
_01783_,116.09
_03676_,115.94
net40,115.49
_00485_,115.035
_05033_,114.92
_00611_,114.56
_04564_,113.87
_01140_,113.66
_00765_,113.6
_00893_,113.395
net42,113.08
_00178_,112.88
_05697_,112.84
_03398_,112.8
_00472_,112.66
_00612_,111.79
_01887_,111.47
net39,110.96
_03694_,110.72
_02102_,110.7
_01187_,110.6
_00238_,110.465
_04197_,110.24
_01888_,110.17
_00301_,108.635
_00189_,108.44
_02157_,108.12
_00197_,107.7
_02232_,107.54
_01850_,107.315
_03223_,107.3
net50,107.06
_01074_,107.04
_04301_,106.99
_03670_,106.96
_03759_,106.82
_02041_,106.18
net99,105.94
_01703_,105.92
_01964_,105.32
_05391_,104.16
_04196_,103.86
_00412_,103.08
_04587_,102.65
_00925_,102.5
_04103_,102.33
_00837_,102.22
_04505_,102.04
_05545_,102.04
_01438_,101.63
_02810_,101.48
_03832_,101.24
net26,101.12
_04544_,100.68
_05022_,100.3
_01619_,100.12
_03621_,97.86
_02954_,97.52
_00442_,97.495
_01194_,97.37
_03750_,97.1
_02379_,96.72
_03119_,96.68
_01047_,95.45
_02936_,94.89
_05658_,94.57
net85,94.48
_00565_,94.365
_01259_,94.36
_01745_,94.06
_05642_,92.86
_00443_,92.78
net82,92.46
_01242_,92.42
_04093_,91.84
_02846_,91.64
_02296_,91.55
_02186_,91.5
_00092_,91.32
_03101_,91.22
_03570_,90.56
_03074_,89.66
_01354_,89.5
_04873_,89.425
_01704_,89.17
net97,89.06
_03273_,88.92
_03594_,88.33
_00924_,87.96
_04092_,87.8
_00559_,87.725
_00854_,87.39
_00577_,87.1
_00075_,86.92
_04075_,86.56
_00050_,86.44
_04105_,86.22
_00695_,85.87
_00086_,85.79
_01491_,85.74
_02377_,85
net24,84.64
_05484_,84.6
_03866_,84.36
net71,84.26
_02133_,84.18
_00641_,84.16
_05543_,83.94
_00493_,83.9
_04275_,83.68
_01520_,83.66
_01683_,83.4
_02398_,83.18
_03640_,83.075
_00547_,82.9
_01337_,82.72
_01286_,82.7
_04042_,82.57
net95,82.42
_05342_,82.35
net72,82.28
_04263_,82.18
_00991_,82.17
_03145_,82.12
_03070_,82.06
_02981_,81.86
_03986_,81.8
_00578_,81.78
_00887_,81.78
_02552_,80.72
_01916_,80.42
_04040_,79.885
_02595_,79.73
_03579_,79.5
_00314_,79.21
_05424_,78.96
_03375_,78.88
_02600_,78.8
_01421_,78.74
_01941_,78.58
_03685_,78.58
_05470_,78.42
_01257_,78.32
_02000_,78.22
_02467_,78.12
_00313_,77.955
net125,77.82
_01793_,77.16
_01521_,76.98
_01131_,76.68
net23,76.6
_02427_,76.54
_03845_,76.515
_03865_,76.28
_01933_,76.26
_05696_,75.98
_01987_,75.43
_03924_,75.41
_02839_,75.18
_00430_,75.165
_02120_,75.16
_03925_,75
_05459_,75
_01669_,74.98
_02793_,74.94
_04550_,74.66
_01008_,74.54
_03120_,74.44
_01222_,74.23
_02271_,74.18
_04265_,74.18
_05559_,74.12
_02688_,73.86
_02636_,73.58
_04139_,73.4
_00510_,73.36
_02007_,73.34
_00204_,73.16
_03549_,73.14
_03755_,72.97
_00205_,72.84
_03893_,72.645
_03703_,72.38
_05695_,71.895
_05691_,71.3
net103,71.1
_05019_,70.98
net80,70.84
_01132_,70.72
_03274_,70.7
_01498_,70.34
_01469_,70.2
_03354_,70.16
_04144_,70.14
_01496_,69.86
_02069_,69.8
_02469_,69.8
_02770_,69.32
_01423_,68.87
_00268_,68.83
_03985_,68.8
_04185_,68.78
_05344_,68.6
_04478_,68.46
_00423_,68.33
_03034_,68.32
_00563_,68.2
_02407_,68.14
_04901_,68.06
_02392_,67.76
_04801_,67.545
_01934_,67.4
_04738_,66.86
_01359_,66.68
_03220_,66.5
_00171_,66.42
_03505_,66.34
_00673_,66.32
_04148_,66.04
_05405_,65.98
_02343_,65.64
_03749_,65.56
_02396_,65.28
_02206_,65.22
_02008_,65.08
_03179_,65.02
_02949_,64.8
_02952_,64.8
_03170_,64.7
_01447_,64.6
_02205_,64.44
_03867_,64.41
_04638_,64.36
_00642_,64.22
_05491_,64
_05383_,63.9
_05041_,63.66
_00193_,63.38
_00660_,63.36
_03056_,63.28
_04149_,63.18
_01598_,62.98
_02319_,62.85
_04165_,62.85
_03720_,62.62
_04830_,62.19
_04489_,62.08
_01561_,62.06
_04488_,62.04
_01303_,61.9
_02229_,61.72
_05591_,61.66
_01708_,61.54
_01709_,61.32
_03664_,61.12
_03506_,61.04
_04404_,60.96
_00813_,60.5
_04300_,60.45
_01470_,60.28
_00835_,59.76
_04155_,59.76
_02671_,59.74
_00801_,59.72
_03193_,59.54
_00929_,59.52
_00529_,59.48
_05471_,59.44
_02129_,59.3
net94,59.28
_04445_,59.14
_00081_,59.12
_03438_,58.96
_00839_,58.5
_01896_,58.49
_02234_,58.46
_00581_,58.4
_02811_,58.36
_05627_,58.34
_02847_,58.24
_03386_,58.24
_04182_,58.19
_04804_,58.1
_05412_,58.1
_00782_,57.88
_04541_,57.82
_02663_,57.8
_01304_,57.54
_01527_,57.46
_05622_,57.32
_03777_,57.27
_05322_,57.18
_03014_,57.12
_05384_,57.11
_01202_,57.08
_01566_,56.99
_04666_,56.68
_03339_,56.64
_00427_,56.54
_01065_,56.48
_05426_,56.4
_05475_,56.36
_00860_,56.3
_05275_,56.28
_01562_,56.14
_00201_,56.04
_00955_,55.94
_04993_,55.9
_02444_,55.82
_02262_,55.64
_03641_,55.63
_04598_,55.36
_03875_,55.31
_01009_,55.29
_01431_,55.26
_01748_,55.175
_00968_,55.06
net112,55.04
_02254_,55.02
_02769_,55.02
_00602_,55
_00158_,54.96
_01028_,54.72
_04403_,54.56
_00969_,54.46
_00783_,54.42
_00857_,54.12
_01984_,53.84
_04586_,53.84
_01262_,53.7
_02443_,53.7
_00710_,53.64
_01134_,53.54
_05274_,53.36
net84,53.24
_00853_,53.08
_03058_,53.08
_05209_,52.88
_01556_,52.8
_02824_,52.62
_03776_,52.56
_04213_,52.5
_00542_,52.48
_00284_,52.38
_03356_,52.29
_01753_,52.21
_04050_,52.11
_04655_,52.08
_04008_,52.005
_00170_,51.88
_05300_,51.88
_00275_,51.76
_05216_,51.64
_05555_,51.545
_02678_,51.54
_02786_,51.4
_05560_,51.32
_00707_,51.09
_01083_,51.015
_03718_,51
_04807_,50.96
_02231_,50.78
_01243_,50.7
_02915_,50.68
_01716_,50.66
_04831_,50.56
_00903_,50.54
_04232_,50.52
_00927_,50.46
_01397_,50.46
_05332_,50.46
_02899_,50.43
_05485_,50.36
_03551_,50.26
_04548_,50.16
_00711_,50.12
_05248_,50.12
_01097_,50.06
_00815_,50
_03829_,50
_01526_,49.96
_02514_,49.96
_04642_,49.81
_01569_,49.78
_01198_,49.58
_02597_,49.26
_05055_,49.24
_03041_,49.22
_02006_,49.2
_01804_,49.18
_00709_,49.09
_01484_,49
_00299_,48.955
_04421_,48.66
_00771_,48.62
_01560_,48.59
_00966_,48.58
_03157_,48.55
_00608_,48.54
_01576_,48.54
_03296_,48.52
_00888_,48.5
_00940_,48.42
_01266_,48.28
_03894_,48.26
_04867_,48.24
_01652_,48.225
_01827_,48.18
_04811_,47.86
_03138_,47.82
_02827_,47.76
_03104_,47.54
net74,47.46
_03945_,47.435
_01387_,47.4
_01182_,47.38
_03619_,47.36
_01396_,47.19
_04592_,47.18
_01647_,47.11
_01151_,47.02
_01075_,46.98
_03812_,46.96
_05303_,46.92
_00274_,46.9
_00317_,46.8
_00794_,46.8
_01220_,46.78
_01393_,46.74
_03739_,46.7
_05114_,46.68
_05063_,46.66
_02719_,46.65
_00391_,46.54
_00738_,46.54
_04118_,46.52
_01055_,46.44
_04723_,46.32
_01858_,46.22
_05346_,46.2
_01691_,46.14
_04694_,46.14
_00633_,46.12
_02327_,46
_00856_,45.78
_00637_,45.76
_00873_,45.75
_04142_,45.68
_00413_,45.65
_01199_,45.5
_01542_,45.48
_01766_,45.455
_00582_,45.44
_05400_,45.44
_01172_,45.36
_05575_,45.02
_01432_,44.98
_04158_,44.82
_04236_,44.76
_01750_,44.74
_03767_,44.7
_03407_,44.68
_01408_,44.64
_00949_,44.62
_05584_,44.5
_02364_,44.46
_03212_,44.44
_03830_,44.26
_01510_,44.24
_04429_,44.2
_04046_,44.14
_05112_,44.14
_00713_,44.08
_03406_,44.06
_00583_,44.02
_00402_,43.76
_03415_,43.7
_00672_,43.63
_02955_,43.62
_01048_,43.61
_02253_,43.51
_00693_,43.4
_00708_,43.4
_03208_,43.38
_02745_,43.34
_03789_,43.28
_00989_,43.24
_01795_,43.16
_01697_,43.035
_04225_,43.03
_00772_,43.01
_02358_,42.94
_00803_,42.88
_02181_,42.82
_01905_,42.8
_02550_,42.77
_02570_,42.68
_03822_,42.62
_04730_,42.6
_05499_,42.5
_00511_,42.47
_04762_,42.46
_04761_,42.44
_00670_,42.27
_00861_,42.14
_01825_,42.12
_02005_,42.12
_00631_,42.08
_04387_,42.08
_04388_,42.08
_04128_,42
_04870_,42
_05278_,42
_05337_,42
_01848_,41.88
_04931_,41.88
_04693_,41.82
_01020_,41.8
_02615_,41.8
_01515_,41.76
_02490_,41.74
_00942_,41.72
_01946_,41.72
_02722_,41.72
_04643_,41.68
_01650_,41.62
_00786_,41.58
_03638_,41.48
_01228_,41.46
_02860_,41.45
_01625_,41.42
_00543_,41.28
_01270_,41.235
_04371_,41.22
_00821_,41.2
_01568_,41.18
_02429_,41.15
_01824_,41.07
_00200_,41.06
_03501_,40.98
_03663_,40.92
_03618_,40.87
_00881_,40.82
_03872_,40.77
_01372_,40.74
_05270_,40.72
_04249_,40.71
_00850_,40.56
_02895_,40.56
_04713_,40.56
_01366_,40.5
_04026_,40.48
_03420_,40.46
_01649_,40.43
_04562_,40.38
_03008_,40.14
_04226_,40.14
_03946_,40.13
_02820_,40.08
_03995_,40
_04004_,40
_04538_,39.9
_03444_,39.84
_00367_,39.77
_04187_,39.76
_00184_,39.7
_04665_,39.7
_00398_,39.68
_00716_,39.64
_01715_,39.58
_02067_,39.575
_05687_,39.54
_02710_,39.46
_00449_,39.42
_02937_,39.36
_02032_,39.24
_02497_,39.24
_00769_,39.22
_04725_,39.22
_04152_,39.14
_02209_,39.06
_00500_,38.98
_01076_,38.96
_01426_,38.92
_03022_,38.87
_01802_,38.86
_04814_,38.84
_04563_,38.8
_05266_,38.8
_00865_,38.78
_04572_,38.78
_05155_,38.68
_01839_,38.605
_04156_,38.58
_01196_,38.56
_01648_,38.56
_01300_,38.48
_04590_,38.44
_01153_,38.38
_00026_,38.36
_04715_,38.34
_02403_,38.3
_00554_,38.28
_01823_,38.28
_01019_,38.26
_00036_,38.25
_02499_,38.2
_03606_,38.2
_05476_,38.19
_03806_,38.16
_05133_,38.16
_02515_,38.1
_05651_,38.08
_05536_,38.04
_03177_,37.96
_01865_,37.92
_00849_,37.9
_02594_,37.89
_01684_,37.88
_04868_,37.86
_00666_,37.84
_03510_,37.84
_04328_,37.82
_03105_,37.8
_03637_,37.76
_00210_,37.7
_03180_,37.64
_03185_,37.62
_03855_,37.58
_05336_,37.58
_03928_,37.54
_02207_,37.46
_03187_,37.46
_04117_,37.44
_01282_,37.4
_04284_,37.4
_05421_,37.365
_03007_,37.35
_01018_,37.27
_01229_,37.26
_02528_,37.2
_00506_,37.18
_03906_,37.16
_01572_,37.11
_00468_,37.1
_04510_,37.04
_00318_,36.94
_03595_,36.92
_02356_,36.82
_01465_,36.79
_04629_,36.78
_02256_,36.74
_04746_,36.68
_01112_,36.66
_05675_,36.6
_01881_,36.515
_01880_,36.5
_01086_,36.48
_04627_,36.48
_00545_,36.44
_03847_,36.44
_01643_,36.42
_02093_,36.38
_03024_,36.345
_01403_,36.28
_02664_,36.14
_00787_,36.08
_03763_,36.06
_03329_,36.02
_03732_,36
_04640_,35.98
_03204_,35.96
_03277_,35.96
_03536_,35.9
_00717_,35.88
_00685_,35.82
_04179_,35.78
_01644_,35.76
_03982_,35.76
_04030_,35.74
_05565_,35.72
_01175_,35.7
_03069_,35.66
_02727_,35.6
_05325_,35.6
_00530_,35.55
_03147_,35.52
_02821_,35.44
_03037_,35.44
_04431_,35.44
_03186_,35.39
_01207_,35.38
_01322_,35.38
_04651_,35.38
_00278_,35.36
_04287_,35.335
_01155_,35.3
_03519_,35.28
_04066_,35.22
_00074_,35.18
_00199_,35.12
_00536_,35.1
_04447_,35.08
_04133_,34.96
_03695_,34.94
_00828_,34.9
_02376_,34.82
_03148_,34.82
_04223_,34.82
_01780_,34.695
_00255_,34.68
_01882_,34.68
_04614_,34.68
_01917_,34.54
_02043_,34.54
_05556_,34.54
_04704_,34.46
_04151_,34.42
_00445_,34.36
_02983_,34.36
_05269_,34.24
_02014_,34.23
_01156_,34.2
_01667_,34.14
_01006_,34.12
_04356_,34.1
_04003_,34.03
_01879_,34.02
_04957_,34.02
_04198_,33.94
_05339_,33.88
_03716_,33.86
_03568_,33.855
_02083_,33.8
net75,33.8
_04214_,33.76
_01351_,33.72
_00371_,33.64
_00653_,33.64
_01082_,33.64
_05403_,33.52
_03364_,33.46
_00446_,33.44
_02145_,33.42
_04842_,33.42
_04080_,33.38
_04163_,33.38
_01596_,33.32
_01721_,33.28
_05448_,33.26
_01081_,33.22
_01696_,33.18
_00806_,33.12
_01296_,33.1
_03824_,33.1
_00105_,33.08
_04525_,33.055
_01210_,32.91
_04899_,32.86
_00867_,32.85
_00049_,32.84
_01044_,32.84
_02172_,32.8
_04481_,32.8
_05526_,32.76
_05140_,32.68
_01975_,32.66
_03267_,32.65
_00808_,32.64
_03653_,32.64
_04456_,32.6
_04044_,32.5
_02998_,32.4
_03043_,32.4
_00645_,32.38
_00372_,32.26
_01380_,32.22
_02787_,32.22
_00403_,32.215
_04397_,32.2
_02990_,32.16
_03163_,32.08
_01104_,32.05
_00471_,32.04
_05291_,32.02
_04011_,32
_00310_,31.92
_03047_,31.92
_04965_,31.88
_02912_,31.82
_04089_,31.82
_04918_,31.76
_05456_,31.74
_04433_,31.72
_05044_,31.7
_00535_,31.68
_04438_,31.68
_03290_,31.655
_05503_,31.64
_01411_,31.56
_02607_,31.56
_04283_,31.54
_04444_,31.54
_01232_,31.53
net104,31.48
_03960_,31.47
_04120_,31.435
_02622_,31.32
_00676_,31.3
_02611_,31.28
_01003_,31.275
_01482_,31.26
_01698_,31.26
_05646_,31.26
_03758_,31.21
_03552_,31.19
_01309_,31.155
_03622_,31.12
_01557_,31.08
_03997_,31.06
_02625_,31.04
_03315_,31
_04507_,31
_00069_,30.96
_02075_,30.94
_02778_,30.94
_04448_,30.93
_01386_,30.92
_04554_,30.91
_02993_,30.84
_04250_,30.84
_05175_,30.8
_05607_,30.8
_04022_,30.79
_02731_,30.76
_04512_,30.76
_01163_,30.74
_02103_,30.74
_04202_,30.7
_04721_,30.67
_03011_,30.66
_04841_,30.66
_05685_,30.66
_01535_,30.65
_04049_,30.62
_05558_,30.6
_00399_,30.54
_04215_,30.54
_03173_,30.52
_04600_,30.46
_00589_,30.44
_03434_,30.44
_02519_,30.43
_03020_,30.34
_04650_,30.32
_02450_,30.28
_03194_,30.28
_04234_,30.28
_02994_,30.24
_00448_,30.22
_03761_,30.22
_05538_,30.22
_02991_,30.18
_02522_,30.16
_00586_,30.155
_03715_,30.08
_04111_,30.08
_04480_,30.06
_04516_,30.04
_02992_,30.02
_03251_,29.98
_01274_,29.96
_00855_,29.94
_01822_,29.86
_03457_,29.86
_00347_,29.84
_01301_,29.84
_02970_,29.84
_02540_,29.82
_03798_,29.82
_04605_,29.72
_01629_,29.7
_05406_,29.7
_02965_,29.66
_04047_,29.66
_03499_,29.64
_02338_,29.63
_04417_,29.62
_03965_,29.5
_05173_,29.5
_03768_,29.48
_05178_,29.48
_00872_,29.46
_01099_,29.38
_05401_,29.38
_04015_,29.36
_04212_,29.3
_03485_,29.295
_01205_,29.24
_03317_,29.24
_03916_,29.24
_04072_,29.24
_04154_,29.22
_02950_,29.18
_04006_,29.18
_04702_,29.16
_04164_,29.14
_02284_,29.1
_00774_,29.095
_03303_,29.08
_03849_,29.08
_04569_,29.08
_03418_,29.02
_03745_,29.02
_03480_,29
_04122_,29
_05571_,28.98
_01574_,28.94
_03657_,28.88
_00981_,28.86
_03264_,28.84
_00012_,28.82
_00264_,28.73
_01820_,28.705
_03512_,28.7
_02938_,28.67
_03153_,28.67
_01528_,28.66
_03300_,28.62
_04568_,28.62
_04251_,28.6
_01727_,28.555
_00665_,28.5
_02679_,28.48
_02010_,28.46
_04826_,28.46
_01665_,28.44
_01995_,28.42
_04071_,28.42
_04815_,28.42
_03601_,28.38
_03740_,28.38
_04230_,28.375
_03392_,28.37
_00804_,28.3
_04887_,28.24
_02521_,28.22
_04423_,28.14
_05159_,28.14
_01810_,28.12
_03191_,28.12
_03282_,28.12
_05138_,28.1
_03624_,28.08
_00638_,28.06
_04360_,28.06
_03018_,28.04
_04330_,28.035
_03487_,28.02
_00209_,28
_05529_,28
_03331_,27.98
_05610_,27.95
_01970_,27.94
_03655_,27.94
_04500_,27.94
_04221_,27.93
_04099_,27.92
_05404_,27.92
_02549_,27.9
_04180_,27.9
_00945_,27.88
_05306_,27.88
_03950_,27.865
_02480_,27.86
_03110_,27.86
_03903_,27.86
_00816_,27.84
_00501_,27.82
net130,27.8
_03245_,27.78
_00102_,27.74
_04864_,27.72
_01828_,27.71
_04759_,27.7
net135,27.7
_02073_,27.66
_04422_,27.64
_02907_,27.6
_00140_,27.58
_01016_,27.58
_01587_,27.58
_04623_,27.52
_01176_,27.5
_03592_,27.5
_04442_,27.5
_04539_,27.5
_05518_,27.5
_03975_,27.48
_04358_,27.48
_04875_,27.46
_03772_,27.455
_01875_,27.44
_01842_,27.4
_00735_,27.36
_03537_,27.36
_01884_,27.34
_01297_,27.26
_01466_,27.26
_02828_,27.26
_03428_,27.26
_05369_,27.26
_01310_,27.24
_03233_,27.2
_04955_,27.2
_04763_,27.18
_05684_,27.17
_04948_,27.16
_04131_,27.14
_02520_,27.1
_05279_,27.09
_00632_,27.06
_05542_,27.04
_03199_,27.02
_04252_,27.02
_04949_,27
_00864_,26.98
net173,26.98
_02144_,26.96
_02689_,26.96
_03941_,26.96
_03240_,26.94
_05510_,26.88
_03938_,26.87
_02012_,26.86
_05085_,26.86
_01223_,26.82
_04000_,26.82
_03488_,26.8
_05294_,26.8
_01320_,26.77
_05665_,26.74
_04224_,26.72
net144,26.72
_04337_,26.69
_01089_,26.665
_04010_,26.66
_04720_,26.66
_00183_,26.64
_02070_,26.64
_03933_,26.64
_01585_,26.58
_00311_,26.52
_03134_,26.52
_01819_,26.43
_04425_,26.43
_00322_,26.4
_04350_,26.4
_00331_,26.38
_01512_,26.38
_04479_,26.38
_00211_,26.36
_00807_,26.36
_01751_,26.36
_02341_,26.36
_04420_,26.36
_04796_,26.36
_00112_,26.34
_03721_,26.34
_04756_,26.34
_04208_,26.32
net68,26.3
_03787_,26.235
_01164_,26.22
_01938_,26.22
_03580_,26.2
_04984_,26.18
_02479_,26.16
_03002_,26.16
_03877_,26.16
_04892_,26.16
_02087_,26.14
_04293_,26.1
_00647_,26.06
_04536_,26.04
_05312_,26.04
_03442_,26.02
_05299_,26.02
_04338_,25.98
_03421_,25.96
_02366_,25.94
_03591_,25.94
_04113_,25.92
_00729_,25.91
_01591_,25.9
_04798_,25.88
_04190_,25.87
_02084_,25.86
_04409_,25.82
_00819_,25.81
_03879_,25.8
_02618_,25.76
_04112_,25.76
_05568_,25.74
_03774_,25.735
_04570_,25.72
net142,25.72
_04114_,25.71
_04176_,25.7
_05473_,25.7
_04772_,25.675
_00514_,25.64
_02504_,25.62
_00173_,25.6
_01516_,25.58
_03497_,25.56
_04032_,25.515
_00728_,25.44
_02693_,25.44
_04399_,25.44
_00905_,25.42
_04339_,25.38
_04659_,25.38
_00368_,25.36
_02336_,25.36
_02468_,25.36
_03459_,25.32
_00256_,25.3
_02848_,25.28
_04615_,25.28
_03915_,25.22
_03005_,25.2
_00447_,25.18
_02928_,25.175
_03629_,25.16
_04104_,25.14
_04677_,25.14
_05437_,25.13
_03183_,25.12
_03884_,25.12
_00629_,25.1
_03862_,25.1
_01129_,25.06
_00040_,25.02
_03576_,25.02
_02858_,25
_04799_,24.98
_04707_,24.96
_01894_,24.92
_04286_,24.92
_01641_,24.91
_01622_,24.9
_05516_,24.9
_02001_,24.865
_01443_,24.86
_00381_,24.84
_00507_,24.84
_03631_,24.82
_04319_,24.82
_04526_,24.8
_00020_,24.78
_02255_,24.78
_00972_,24.76
_02518_,24.76
_05045_,24.76
_05650_,24.76
_03432_,24.73
_02836_,24.72
_02608_,24.68
_02851_,24.66
_03816_,24.66
_03648_,24.64
_04194_,24.64
_04329_,24.64
_04014_,24.62
_01688_,24.6
_02909_,24.6
_04326_,24.6
_03451_,24.58
_04119_,24.58
_00363_,24.56
_05351_,24.54
_01966_,24.52
_02905_,24.52
_05562_,24.5
_01642_,24.46
_01928_,24.44
_04816_,24.44
_05013_,24.44
_03817_,24.43
_02736_,24.42
_01157_,24.4
_03269_,24.4
_04825_,24.4
_01409_,24.36
_04494_,24.36
_05397_,24.36
_01519_,24.34
_01577_,24.34
_03628_,24.34
_00961_,24.32
_03683_,24.32
_04823_,24.32
_00418_,24.3
_03165_,24.3
_04416_,24.3
_01689_,24.28
_04369_,24.28
_02002_,24.26
_04501_,24.26
_04695_,24.26
_02760_,24.24
_03493_,24.24
_00231_,24.22
_00290_,24.22
_03778_,24.22
_05474_,24.22
_01758_,24.18
_03314_,24.18
_04616_,24.17
_00663_,24.16
_05509_,24.12
_00147_,24.1
_03257_,24.1
_04123_,24.1
_01778_,24.08
_02737_,24.06
_05368_,24.02
_02015_,24
_02139_,23.97
_03599_,23.97
_03571_,23.96
_04175_,23.96
_05433_,23.96
_03743_,23.935
_04484_,23.93
_00370_,23.92
_05605_,23.92
_01146_,23.88
_02402_,23.88
_05090_,23.88
_00207_,23.86
_00453_,23.86
_00011_,23.82
_02042_,23.82
_00071_,23.81
_04773_,23.8
net122,23.8
_01158_,23.78
_04219_,23.765
_05612_,23.76
_04780_,23.74
_03969_,23.72
_04555_,23.72
_05435_,23.7
_00809_,23.68
_03770_,23.675
_03897_,23.66
_03899_,23.66
_04980_,23.66
_04521_,23.64
_03103_,23.58
_03760_,23.56
_01330_,23.54
_02648_,23.54
_02638_,23.52
_04689_,23.52
_00245_,23.5
_03232_,23.5
_03413_,23.5
_05088_,23.5
_01871_,23.48
_01913_,23.48
_01931_,23.48
_04052_,23.48
_00920_,23.47
_02782_,23.44
_04024_,23.41
_04107_,23.4
_04597_,23.4
_03705_,23.38
_02885_,23.36
_01829_,23.34
_03388_,23.34
_00932_,23.33
_00919_,23.32
_04917_,23.32
_04789_,23.3
_02024_,23.29
_03891_,23.28
_04013_,23.28
_00117_,23.26
_04459_,23.26
_01485_,23.22
_01785_,23.22
_02740_,23.22
_03213_,23.2
_00039_,23.18
_00862_,23.18
_03320_,23.18
_03107_,23.13
_02369_,23.1
_03651_,23.1
_04161_,23.1
_01590_,23.07
_01571_,23.06
_03328_,23.06
_04009_,23.06
_04453_,23.055
_03534_,23.04
_05095_,23.04
_00218_,23.02
_00452_,23.02
_02152_,23.02
_03360_,23.02
_01618_,23.01
_03644_,23
_03369_,22.995
_03633_,22.98
_03848_,22.96
_03949_,22.96
_04869_,22.94
_00047_,22.92
_01876_,22.92
_03079_,22.9
_00789_,22.85
_00417_,22.84
_00599_,22.84
_04681_,22.84
_04897_,22.84
_01817_,22.82
_01323_,22.78
_01305_,22.76
_03935_,22.76
_04517_,22.74
_03529_,22.735
_00103_,22.72
_00124_,22.72
_01208_,22.72
_03560_,22.72
_05604_,22.7
_02819_,22.68
_01638_,22.655
_03095_,22.63
_01078_,22.62
_03558_,22.62
_02056_,22.6
_01461_,22.52
_03973_,22.505
_02564_,22.5
_02603_,22.5
_01138_,22.48
_02215_,22.48
_02391_,22.48
_00208_,22.46
_02538_,22.46
_02870_,22.46
_02884_,22.46
_03126_,22.44
_01776_,22.42
_05329_,22.42
_05415_,22.42
_01012_,22.38
_03312_,22.38
_01381_,22.36
_01736_,22.35
_02312_,22.35
_00553_,22.34
_03886_,22.32
_03904_,22.32
_03209_,22.3
_02649_,22.22
_04106_,22.22
_05005_,22.205
_03009_,22.2
_01406_,22.19
_01547_,22.18
_02373_,22.16
_02856_,22.16
_03286_,22.16
_04355_,22.16
_02892_,22.14
_04262_,22.14
_00006_,22.13
_01126_,22.1
_01473_,22.09
_01334_,22.06
_02886_,22.06
_04291_,22.06
_05390_,22.06
_02544_,22.04
_04749_,22.04
mcand[24],22.04
_03660_,22.02
_04274_,22.02
_01427_,22
_01660_,22
_03496_,22
_00845_,21.98
_04345_,21.98
_02224_,21.96
_03766_,21.96
_04928_,21.94
_02204_,21.92
_01821_,21.915
_05103_,21.915
_00030_,21.9
_04297_,21.9
_05268_,21.9
_00070_,21.89
_00719_,21.88
_01874_,21.88
_04527_,21.88
_00585_,21.875
_02150_,21.86
_03093_,21.84
_05012_,21.84
_05520_,21.84
_04086_,21.815
_01368_,21.8
_04881_,21.8
_05634_,21.8
_03516_,21.79
_03533_,21.76
_05661_,21.72
_01152_,21.7
_02148_,21.7
_00555_,21.66
_04714_,21.655
_02799_,21.64
_02816_,21.63
_01319_,21.62
_01494_,21.62
_03054_,21.62
_02585_,21.6
_02948_,21.6
_03783_,21.56
_05611_,21.56
_01464_,21.54
_05179_,21.54
_03230_,21.52
_01936_,21.51
_03730_,21.5
_04209_,21.5
_04368_,21.48
_02339_,21.45
_01996_,21.44
_03115_,21.42
_00943_,21.4
_00420_,21.38
_04143_,21.38
_03659_,21.36
_03992_,21.36
_04002_,21.34
_04553_,21.32
_03902_,21.3
_04906_,21.295
net138,21.29
_02117_,21.28
_03538_,21.28
_00109_,21.26
_04088_,21.25
_00451_,21.24
_00733_,21.24
_05252_,21.24
_04876_,21.22
_01013_,21.2
_03304_,21.2
_04610_,21.2
_05514_,21.2
_00121_,21.18
_01444_,21.18
_02118_,21.16
_03048_,21.16
_00013_,21.14
_00113_,21.14
_00341_,21.14
_01506_,21.14
_04533_,21.12
_00852_,21.1
_02190_,21.1
_03330_,21.1
_02164_,21.08
_00227_,21.04
_02009_,21.04
_04580_,21.04
_00359_,21.02
_03473_,21.02
_04343_,21.02
_04785_,21.02
_05547_,21
_01728_,20.96
_02309_,20.96
_03305_,20.96
_03461_,20.96
_03550_,20.92
_05666_,20.92
_00573_,20.905
_00244_,20.9
_02140_,20.88
_02517_,20.88
_01531_,20.84
_03044_,20.84
_04608_,20.84
_01877_,20.82
_00352_,20.78
_01024_,20.78
_01932_,20.78
_03548_,20.78
_01796_,20.76
_03000_,20.76
_04700_,20.76
_02225_,20.74
_04124_,20.74
_05501_,20.74
_02841_,20.735
_03455_,20.72
_02744_,20.7
_01599_,20.68
_02399_,20.68
_02362_,20.66
_03920_,20.66
_04096_,20.66
_05614_,20.66
_03790_,20.64
_03819_,20.64
_05084_,20.64
_02637_,20.635
_02097_,20.62
_03908_,20.6
_04787_,20.6
_00557_,20.595
_01518_,20.58
_01883_,20.58
_02906_,20.58
_04391_,20.58
_01407_,20.54
_03068_,20.54
_05561_,20.54
_03029_,20.52
_05450_,20.52
_04430_,20.46
_04475_,20.46
_03687_,20.44
net163,20.44
_03112_,20.42
_04316_,20.42
_00859_,20.4
_01471_,20.4
_02453_,20.4
_04419_,20.4
_04412_,20.38
_01907_,20.36
_01897_,20.34
_02086_,20.34
_02218_,20.34
_02779_,20.34
_03409_,20.34
_00320_,20.32
_00014_,20.28
_01971_,20.28
_03734_,20.28
_03357_,20.26
_02575_,20.24
_04016_,20.22
_00217_,20.205
_00174_,20.2
_00043_,20.18
_01015_,20.18
_01787_,20.18
_03035_,20.18
_01316_,20.16
_01653_,20.16
_03582_,20.16
_03719_,20.16
_04288_,20.16
_02602_,20.14
_00922_,20.12
_01645_,20.12
_02203_,20.12
_02680_,20.12
_03361_,20.12
_04455_,20.12
_04685_,20.12
_05512_,20.1
_00342_,20.08
_03980_,20.08
_04680_,20.06
_00512_,20.04
_01165_,20.04
_05439_,20.015
_01244_,20
_01472_,20
_01723_,20
_05000_,20
_05375_,20
_04877_,19.98
_02085_,19.97
_00481_,19.96
_01992_,19.96
_00388_,19.94
_03937_,19.94
_04690_,19.94
_05441_,19.92
_02202_,19.9
_02882_,19.9
_00788_,19.88
_05047_,19.86
_05394_,19.86
_05678_,19.86
_00522_,19.84
_04051_,19.82
_03652_,19.8
_03881_,19.8
_03577_,19.765
_02817_,19.76
_04081_,19.76
_00584_,19.74
_00851_,19.74
_04321_,19.74
_00108_,19.72
_01011_,19.72
_02619_,19.72
_02652_,19.72
_01559_,19.715
_04468_,19.71
_00386_,19.7
_05139_,19.7
_04340_,19.68
_01830_,19.665
_00596_,19.66
_01954_,19.66
_03050_,19.66
_04932_,19.66
_04332_,19.65
_03823_,19.64
_03929_,19.64
_03260_,19.62
_01570_,19.61
_02147_,19.58
_04470_,19.58
_04751_,19.58
_00107_,19.57
_01333_,19.56
_04068_,19.56
_01404_,19.52
_04094_,19.5
_00316_,19.46
_00675_,19.46
_02344_,19.46
_04745_,19.46
_05223_,19.46
_03439_,19.42
_05007_,19.42
_04710_,19.4
_04769_,19.4
_00324_,19.38
_01779_,19.38
_02985_,19.38
_03741_,19.38
_04565_,19.38
_01451_,19.36
_00176_,19.34
_00946_,19.34
_05629_,19.34
_00266_,19.335
_04354_,19.32
_05674_,19.32
_00741_,19.3
_02020_,19.3
_02780_,19.3
_03697_,19.3
_03851_,19.3
_02291_,19.28
_03996_,19.28
_03747_,19.275
_01534_,19.26
_05597_,19.26
_01035_,19.24
_01962_,19.24
_01308_,19.22
_02155_,19.22
_03309_,19.22
_01834_,19.2
_03431_,19.2
_00018_,19.18
_02808_,19.18
_05314_,19.18
_05371_,19.18
_02818_,19.17
_02527_,19.16
_00661_,19.15
_01797_,19.14
_02214_,19.14
_05249_,19.14
_00731_,19.125
_05576_,19.12
_01314_,19.115
_02741_,19.11
_01463_,19.09
_00890_,19.085
_00463_,19.08
_04719_,19.08
_04859_,19.08
_05259_,19.08
_00277_,19.06
_05272_,19.02
_04019_,19.01
_02449_,19
_04427_,18.99
_00410_,18.98
_03625_,18.98
_03955_,18.98
_05079_,18.98
_01318_,18.96
_03196_,18.96
_04126_,18.96
_00072_,18.94
_02193_,18.94
_04027_,18.94
_00746_,18.935
_00600_,18.92
_03779_,18.92
_04469_,18.92
_04809_,18.92
_05606_,18.92
_04290_,18.9
_04653_,18.9
_01895_,18.88
_00775_,18.86
_04947_,18.86
_04370_,18.82
_01843_,18.79
_02313_,18.78
_03696_,18.78
_01341_,18.76
_04292_,18.76
_02353_,18.74
_04602_,18.74
_02433_,18.72
_03137_,18.695
_03608_,18.66
_01532_,18.64
_00223_,18.62
_01090_,18.62
_01433_,18.62
_02372_,18.62
_05643_,18.62
_04271_,18.6
_02674_,18.595
_03200_,18.58
_01049_,18.57
_01440_,18.56
_02656_,18.54
_04017_,18.54
_04687_,18.54
_01241_,18.52
_01233_,18.5
_01365_,18.5
_03362_,18.5
_04269_,18.5
_02927_,18.48
_03623_,18.48
_04645_,18.48
_01401_,18.47
_00111_,18.46
_01324_,18.46
_01677_,18.46
_01687_,18.46
_03154_,18.455
_05506_,18.44
_03836_,18.42
_02057_,18.4
_05694_,18.4
_01188_,18.38
_01424_,18.36
_04673_,18.36
_02184_,18.34
_04239_,18.3
_01816_,18.28
net147,18.28
_01091_,18.26
_01122_,18.26
_03390_,18.26
_03603_,18.26
_00376_,18.24
_00477_,18.24
_02530_,18.24
_04172_,18.24
_05672_,18.24
_03400_,18.22
_00253_,18.2
_03017_,18.2
_03535_,18.2
_01740_,18.16
_01741_,18.16
_02123_,18.16
_02908_,18.16
_04244_,18.16
_00814_,18.155
_03281_,18.14
_05107_,18.14
_00002_,18.12
_00010_,18.12
_01093_,18.12
_00877_,18.1
_05451_,18.1
_05519_,18.1
_03225_,18.08
_03371_,18.06
_05428_,18.02
_02030_,18
_01117_,17.98
_03289_,17.98
_01186_,17.975
_02201_,17.96
_03236_,17.96
_04035_,17.96
_04621_,17.96
_04625_,17.96
_00265_,17.94
_00648_,17.94
_01180_,17.94
_05334_,17.94
_01245_,17.92
_03494_,17.92
_02130_,17.9
_02159_,17.9
_03876_,17.9
_04987_,17.9
_05630_,17.9
_02187_,17.88
_04450_,17.86
_00007_,17.84
_01806_,17.84
_05186_,17.84
_00220_,17.82
_00720_,17.82
_04222_,17.82
_05554_,17.82
_00475_,17.78
_02918_,17.78
_02016_,17.77
_00680_,17.76
_01285_,17.76
_03259_,17.76
_04794_,17.76
_03249_,17.75
_01627_,17.74
_01885_,17.74
_05609_,17.72
_00650_,17.7
_01168_,17.7
_03072_,17.7
_04880_,17.7
_01524_,17.66
_02456_,17.66
_03460_,17.66
_02713_,17.65
_01130_,17.64
_03781_,17.64
net121,17.64
_00279_,17.62
_01701_,17.62
_02523_,17.62
_03123_,17.62
_03261_,17.62
_01147_,17.6
_04465_,17.6
_03564_,17.59
_00186_,17.58
_01217_,17.58
_02365_,17.56
_03067_,17.56
_03453_,17.56
_04786_,17.56
_00219_,17.54
_00457_,17.54
_00773_,17.54
_02027_,17.54
_03976_,17.54
_05349_,17.54
_00131_,17.52
_01098_,17.52
_02334_,17.52
_01418_,17.5
_00517_,17.48
_03319_,17.46
_03853_,17.46
_05668_,17.46
_05671_,17.44
_00523_,17.42
_01095_,17.42
_02263_,17.42
_02910_,17.42
_00701_,17.4
_03811_,17.4
_04121_,17.4
_05102_,17.38
_00321_,17.36
_05154_,17.36
_03175_,17.35
_01263_,17.34
_02568_,17.34
_03109_,17.34
_04451_,17.34
_00939_,17.335
_05203_,17.32
_01025_,17.28
_01161_,17.28
_02359_,17.28
_04241_,17.28
_05224_,17.28
net149,17.28
_05048_,17.26
_02691_,17.25
_00936_,17.24
_03765_,17.24
_00169_,17.22
_00101_,17.18
_00971_,17.18
_02924_,17.18
_04792_,17.18
_00437_,17.16
_02211_,17.16
_02565_,17.16
_03526_,17.16
_04449_,17.16
_03557_,17.14
_04380_,17.14
_05381_,17.14
_02437_,17.12
_00465_,17.1
_01017_,17.1
_04652_,17.1
_03441_,17.09
_00246_,17.08
_04233_,17.08
_05246_,17.08
_05493_,17.08
_01179_,17.06
_01608_,17.06
_01960_,17.04
_04783_,17.04
_00032_,17.02
_03071_,17.02
_03709_,17.005
_03859_,17
_01523_,16.98
_04130_,16.98
_00054_,16.94
_00281_,16.94
_01101_,16.94
_01189_,16.94
_04091_,16.94
_04436_,16.93
_00931_,16.92
_01478_,16.92
_03151_,16.92
_02308_,16.9
_02394_,16.9
_05219_,16.88
_04315_,16.86
_01965_,16.84
_02854_,16.84
_03363_,16.84
_04776_,16.84
_05482_,16.82
_02842_,16.81
_03814_,16.81
_01238_,16.8
_01363_,16.8
_01956_,16.8
_04346_,16.78
_01997_,16.76
product[44],16.76
_03646_,16.755
_00567_,16.74
_02418_,16.74
_05326_,16.74
_01216_,16.72
_02428_,16.7
_02697_,16.7
_05572_,16.7
_02511_,16.69
_01692_,16.68
_05600_,16.68
_01663_,16.66
_00159_,16.64
_01541_,16.64
_02112_,16.64
_02742_,16.64
_04628_,16.64
_00045_,16.62
_00628_,16.62
_01514_,16.62
_03106_,16.62
_00664_,16.6
_01536_,16.6
_05490_,16.6
_05663_,16.6
_00944_,16.58
_02210_,16.58
_02485_,16.58
_02917_,16.58
mplier[28],16.58
_00811_,16.56
_03835_,16.56
_03642_,16.555
_00160_,16.52
_01813_,16.52
_03901_,16.52
_05432_,16.52
_01735_,16.5
_02081_,16.5
_05016_,16.5
_02333_,16.48
_03042_,16.48
_04336_,16.48
_02276_,16.46
_01014_,16.44
_04108_,16.44
_04764_,16.44
_01005_,16.42
_02896_,16.42
_03990_,16.42
_00524_,16.41
_01390_,16.4
_03358_,16.4
_04310_,16.4
_02250_,16.36
_02283_,16.36
_04062_,16.36
_00126_,16.35
_01265_,16.34
_02195_,16.34
_02946_,16.34
_00288_,16.33
_00460_,16.32
_00736_,16.32
_03028_,16.32
_05477_,16.32
_00566_,16.3
_00721_,16.3
_04474_,16.3
_04760_,16.3
_01666_,16.28
_02436_,16.28
_04952_,16.28
_05162_,16.28
_03680_,16.275
_03612_,16.26
_04434_,16.26
_05004_,16.26
_05192_,16.26
_00106_,16.24
_02264_,16.22
_01859_,16.2
_02960_,16.2
_03799_,16.2
_04847_,16.2
_00444_,16.19
_03380_,16.18
_04813_,16.18
_03971_,16.17
_01402_,16.16
_02280_,16.16
_02967_,16.16
_03097_,16.16
_03256_,16.16
_04060_,16.16
_04443_,16.16
_04855_,16.16
_04334_,16.14
_00703_,16.13
_04523_,16.12
_05220_,16.12
_02871_,16.08
_02534_,16.06
_02772_,16.06
_04253_,16.06
_00587_,16.04
_01567_,16.04
_03108_,16.04
_04503_,16.04
_04972_,16.04
_05578_,16.04
_00021_,16.02
_01137_,16.02
_02567_,16.02
_02995_,16.02
_05213_,16
_00935_,15.98
_02119_,15.98
_03389_,15.98
_03575_,15.98
_01544_,15.97
_00116_,15.96
_01869_,15.96
_02346_,15.96
_02972_,15.96
_05183_,15.96
_00225_,15.94
_00459_,15.94
_04483_,15.94
_05251_,15.94
_05515_,15.94
_02724_,15.93
_00844_,15.92
_02114_,15.92
_02784_,15.92
_00683_,15.9
_00702_,15.9
_00734_,15.9
_02200_,15.9
_04366_,15.9
_03596_,15.885
_00682_,15.88
_00705_,15.88
_04395_,15.88
_05595_,15.88
_03350_,15.86
_04218_,15.86
_01328_,15.84
_03472_,15.84
_01068_,15.83
_00114_,15.82
_03753_,15.82
_05156_,15.82
_04335_,15.8
_04933_,15.8
_03383_,15.78
_04246_,15.78
_05119_,15.78
_03492_,15.76
_01737_,15.74
_01826_,15.74
_04698_,15.74
_05018_,15.72
_05130_,15.72
_00222_,15.7
_01143_,15.7
_04311_,15.7
_05513_,15.7
_01507_,15.68
_04135_,15.68
_03280_,15.64
_04741_,15.64
_02807_,15.62
_05245_,15.62
mcand[20],15.62
_01537_,15.6
_01742_,15.6
_05521_,15.595
_03210_,15.58
_02605_,15.56
_03723_,15.56
_03810_,15.56
_05480_,15.56
_05511_,15.56
_05599_,15.56
_01271_,15.54
_00382_,15.52
_01930_,15.52
_02011_,15.52
_03078_,15.52
_04788_,15.52
_01892_,15.5
_02090_,15.5
_00333_,15.48
_00714_,15.48
_02505_,15.48
_03467_,15.48
_04968_,15.48
net151,15.48
_00329_,15.46
_02329_,15.46
_04871_,15.46
_05427_,15.46
mplier[12],15.44
_02354_,15.43
_00221_,15.42
_04440_,15.42
_04167_,15.41
_00129_,15.4
product[42],15.4
_01115_,15.38
_01639_,15.38
_02940_,15.38
_05204_,15.38
_01197_,15.36
_03426_,15.36
_05664_,15.36
_03340_,15.34
_01184_,15.335
_00307_,15.32
_00941_,15.32
_01633_,15.32
_02670_,15.32
_02853_,15.32
_03065_,15.32
_03278_,15.32
_04657_,15.32
_00956_,15.3
_03963_,15.3
_05258_,15.3
_00870_,15.28
_01077_,15.28
_01429_,15.28
_01958_,15.28
_02298_,15.28
_03462_,15.28
_01835_,15.26
_02823_,15.26
_05354_,15.26
_04441_,15.24
_00928_,15.22
_01128_,15.22
_01818_,15.22
_03169_,15.22
_02987_,15.2
_05043_,15.2
_02498_,15.18
_00118_,15.16
_04630_,15.16
_04342_,15.14
_05537_,15.14
_00024_,15.12
_01529_,15.12
_04140_,15.12
_05068_,15.12
net141,15.115
_01190_,15.1
_03626_,15.1
_03919_,15.1
_02260_,15.08
_03927_,15.06
_04853_,15.06
_05069_,15.06
_02783_,15.04
_00027_,15.02
_02017_,15.02
_03864_,15
_04684_,15
_05582_,15
_00309_,14.98
_01831_,14.98
_02072_,14.98
_02249_,14.98
_03517_,14.98
_01505_,14.975
_02472_,14.97
_03325_,14.97
_03279_,14.96
_00836_,14.94
_03159_,14.94
_04845_,14.94
_00744_,14.9
_00911_,14.9
_01306_,14.9
_02542_,14.9
_02690_,14.9
_03934_,14.9
_02891_,14.88
_03295_,14.88
_03045_,14.86
_05202_,14.86
_03895_,14.85
_00431_,14.84
_01699_,14.84
_01803_,14.84
_02486_,14.84
_02623_,14.84
_02739_,14.84
_05429_,14.84
_01733_,14.82
_02244_,14.82
_02715_,14.82
_03838_,14.82
_04357_,14.82
_02317_,14.815
_00135_,14.8
_01458_,14.8
_02168_,14.8
_03671_,14.8
_04174_,14.8
_03508_,14.79
_01167_,14.785
_01548_,14.78
_02058_,14.78
_03870_,14.78
_04529_,14.78
_03729_,14.76
_03226_,14.74
_00292_,14.72
_01926_,14.72
_04473_,14.72
_04728_,14.72
_00838_,14.7
_01754_,14.7
_03129_,14.7
_03737_,14.7
_00858_,14.68
_02162_,14.68
_02506_,14.68
_02872_,14.68
_03486_,14.68
_03615_,14.68
_04322_,14.68
_00215_,14.66
_02748_,14.66
_00163_,14.64
_01299_,14.64
_02681_,14.64
_02857_,14.64
_03469_,14.64
_05365_,14.64
_00315_,14.62
_00820_,14.62
_01370_,14.62
_03436_,14.6
_03923_,14.6
_01646_,14.58
_00502_,14.56
_01695_,14.56
_02596_,14.56
_02869_,14.56
_04245_,14.55
_00458_,14.54
_02592_,14.54
_01264_,14.52
_02077_,14.5
_01584_,14.48
_01929_,14.48
_04341_,14.48
_02026_,14.47
_01052_,14.46
_02822_,14.46
net132,14.445
_03207_,14.44
_04238_,14.44
_04382_,14.44
_05257_,14.44
_00259_,14.42
_00280_,14.42
_00912_,14.42
_05046_,14.42
product[14],14.42
_05262_,14.41
_05444_,14.4
net158,14.395
_00796_,14.38
_01070_,14.38
_01656_,14.38
_03116_,14.38
_04439_,14.38
_04579_,14.38
_01657_,14.36
_03345_,14.36
_04398_,14.36
_00797_,14.34
_01814_,14.34
_03262_,14.34
_03650_,14.34
_04771_,14.34
_01772_,14.33
_01476_,14.32
_00785_,14.3
_01412_,14.28
_00060_,14.26
_00127_,14.26
_00191_,14.26
_01474_,14.26
_02496_,14.26
_02830_,14.24
_03661_,14.24
_02261_,14.22
_03837_,14.22
_05190_,14.22
_02659_,14.21
_00462_,14.19
_03359_,14.185
_03518_,14.18
_03795_,14.18
_03972_,14.18
_05508_,14.18
_04294_,14.17
_00992_,14.16
_01092_,14.16
_01613_,14.16
_04768_,14.14
_05099_,14.14
_03803_,14.12
_01162_,14.1
_01919_,14.1
_03542_,14.1
_04082_,14.1
_00326_,14.08
_01989_,14.08
_03263_,14.08
_00667_,14.06
_00901_,14.06
_01292_,14.06
_01968_,14.06
_03252_,14.06
_03381_,14.06
_00570_,14.05
_00848_,14.04
_02182_,14.04
_03057_,14.04
_00538_,14.02
_02337_,14.02
_02647_,14.02
_00509_,14
_02500_,14
_04255_,14
_00491_,13.98
_01004_,13.98
_03352_,13.98
_05417_,13.98
_05586_,13.965
_01037_,13.96
_02212_,13.96
_03593_,13.96
_01923_,13.94
_03738_,13.94
_05120_,13.94
_05581_,13.94
_03554_,13.935
_00404_,13.92
_01272_,13.92
_04168_,13.92
_01268_,13.9
_02470_,13.9
_04482_,13.9
_04626_,13.9
_01920_,13.88
_03127_,13.88
_02883_,13.86
_03206_,13.86
_05434_,13.86
_04513_,13.855
_04150_,13.85
_01226_,13.82
_02126_,13.82
_03219_,13.82
_03402_,13.82
_04270_,13.82
_00203_,13.8
_00745_,13.8
_01525_,13.8
_02953_,13.8
_03155_,13.8
_04331_,13.8
_00161_,13.78
_00065_,13.76
_00466_,13.76
_01955_,13.76
_02489_,13.76
_03218_,13.76
_05617_,13.76
_00718_,13.74
_04203_,13.74
_00198_,13.72
_02700_,13.72
_03351_,13.72
_00619_,13.7
_04295_,13.7
_05225_,13.7
_00823_,13.69
_01899_,13.69
_00261_,13.68
_00606_,13.68
_01734_,13.68
_04183_,13.68
_05653_,13.68
_00401_,13.66
_01635_,13.66
_03604_,13.66
_03424_,13.64
_04850_,13.64
_05455_,13.64
_02125_,13.625
_03669_,13.62
_04671_,13.62
_00157_,13.6
_01628_,13.6
_01729_,13.6
_02804_,13.6
_03502_,13.6
_00335_,13.58
_01213_,13.58
_05176_,13.58
_02483_,13.56
_03429_,13.56
_02887_,13.54
_03951_,13.54
_04279_,13.54
_00755_,13.52
_03205_,13.52
_04132_,13.52
_00202_,13.5
_00962_,13.5
_02662_,13.5
_03195_,13.5
_03880_,13.5
_05035_,13.5
_05398_,13.5
_02340_,13.48
_03016_,13.48
_00242_,13.46
_00260_,13.46
_01538_,13.46
_02003_,13.46
_03326_,13.46
_04325_,13.46
_04486_,13.46
_04925_,13.46
_01307_,13.42
_05189_,13.42
_04020_,13.4
_04946_,13.4
_05093_,13.4
_05355_,13.4
_01456_,13.38
_01886_,13.38
_05263_,13.38
_05690_,13.38
_00651_,13.36
_01845_,13.36
_02142_,13.36
_02503_,13.36
_04012_,13.36
_04435_,13.36
_04604_,13.36
_05549_,13.36
_00424_,13.34
_03543_,13.34
_04064_,13.34
_04782_,13.34
_05166_,13.34
_05453_,13.34
_05563_,13.34
_05669_,13.34
_01706_,13.32
_01922_,13.31
_03181_,13.3
_04359_,13.3
_00001_,13.28
_00575_,13.28
_04577_,13.27
_00988_,13.26
_01863_,13.26
_02651_,13.26
_03142_,13.26
_04097_,13.255
_02019_,13.24
_01057_,13.22
_03788_,13.22
_04428_,13.22
_04820_,13.2
_03394_,13.18
_04675_,13.18
_01425_,13.165
_00062_,13.16
_03841_,13.16
net145,13.16
_00212_,13.15
_00015_,13.14
_00405_,13.14
_01124_,13.14
_01601_,13.14
_01670_,13.14
_02951_,13.14
_04819_,13.14
_05608_,13.14
_02973_,13.13
_03083_,13.12
_03931_,13.12
_04502_,13.12
_00073_,13.115
_05348_,13.11
_02708_,13.1
_03484_,13.1
_04540_,13.1
_05028_,13.1
_00037_,13.08
_00508_,13.08
_02510_,13.08
_05350_,13.08
_01258_,13.06
_05660_,13.05
_00257_,13.04
_01654_,13.04
_00999_,13.035
_00933_,13.02
_00937_,13.02
_01487_,13
_01902_,13
_02439_,13
_04361_,13
_04524_,13
_05071_,13
_00224_,12.98
_00564_,12.98
_04849_,12.98
_03298_,12.975
_00254_,12.96
_01700_,12.96
_02956_,12.96
_03162_,12.96
_03679_,12.96
_04576_,12.96
_04767_,12.96
_04967_,12.96
_05134_,12.96
_00455_,12.94
_00863_,12.94
_00866_,12.94
_05191_,12.94
_00671_,12.92
_00722_,12.92
_00818_,12.92
_01428_,12.92
_03602_,12.92
_03917_,12.92
_00415_,12.9
_02304_,12.9
_03333_,12.9
_00258_,12.88
_00697_,12.88
_03527_,12.88
_04679_,12.88
_05208_,12.88
_05254_,12.88
_02863_,12.86
_03146_,12.86
_02153_,12.855
_04844_,12.84
_01985_,12.82
_05352_,12.82
_05465_,12.82
_00876_,12.8
_01811_,12.8
_03417_,12.8
_04405_,12.8
_02266_,12.78
_01452_,12.76
_02599_,12.76
_04029_,12.76
_01240_,12.74
_05227_,12.74
_00061_,12.72
_00454_,12.72
_01637_,12.72
_02194_,12.72
_02199_,12.72
_03873_,12.72
_04023_,12.72
_05098_,12.72
_00379_,12.7
_01738_,12.7
_02288_,12.7
_02911_,12.7
_04005_,12.7
_01489_,12.69
_01174_,12.68
_01361_,12.68
_02004_,12.68
_00440_,12.66
_01105_,12.66
_01369_,12.66
_01707_,12.66
_01893_,12.66
_02149_,12.66
_03828_,12.66
_01488_,12.64
_02022_,12.64
_04754_,12.64
_05057_,12.64
_05458_,12.64
_05698_,12.64
_03130_,12.63
_02198_,12.62
_02332_,12.62
_02771_,12.62
_03346_,12.62
product[26],12.62
product[52],12.62
product[61],12.62
_00656_,12.6
_01945_,12.6
_02977_,12.6
_03889_,12.6
_05060_,12.6
_01269_,12.58
_01993_,12.58
_02939_,12.58
_03059_,12.58
_05376_,12.58
_00383_,12.57
_01116_,12.57
_00513_,12.56
_00752_,12.56
_01769_,12.56
_01774_,12.56
_03152_,12.56
_03678_,12.56
_05533_,12.56
_03573_,12.54
_04267_,12.54
_04476_,12.54
_04663_,12.54
_03161_,12.52
_04053_,12.52
_02525_,12.515
_02604_,12.515
_00325_,12.5
_00380_,12.5
_02176_,12.5
_02703_,12.5
_02714_,12.5
_03393_,12.5
_04127_,12.5
_05244_,12.5
_05699_,12.5
mplier[22],12.5
_04211_,12.48
_04879_,12.48
_02330_,12.46
_02634_,12.46
_02701_,12.46
_02849_,12.46
_02878_,12.46
_03301_,12.46
_03883_,12.46
_01119_,12.44
_01846_,12.44
_01870_,12.44
_02062_,12.44
_02307_,12.44
_03410_,12.44
_03794_,12.44
_04313_,12.44
_00432_,12.42
_01563_,12.42
_02455_,12.42
_02473_,12.4
_05379_,12.4
_03344_,12.38
_03562_,12.38
_04363_,12.38
_04696_,12.38
mcand[19],12.38
_00990_,12.36
_03347_,12.36
_04779_,12.36
_05328_,12.36
_01533_,12.34
_02031_,12.34
_04999_,12.34
_00715_,12.33
_00572_,12.32
_00634_,12.32
_04110_,12.32
_03926_,12.315
_01413_,12.31
_00389_,12.3
_00993_,12.3
_03710_,12.3
_04385_,12.3
_04414_,12.3
_04511_,12.3
_05058_,12.3
_05525_,12.3
_05633_,12.3
_04057_,12.295
_00976_,12.28
_04394_,12.28
_00377_,12.275
_04989_,12.275
_00008_,12.26
_03160_,12.26
_03733_,12.26
_05632_,12.26
_02658_,12.255
_01254_,12.24
_03555_,12.24
_01847_,12.235
_01600_,12.22
_01616_,12.22
_02166_,12.22
_02560_,12.22
_02999_,12.22
_04458_,12.22
_05413_,12.22
_00066_,12.2
_01475_,12.2
_02191_,12.2
_03051_,12.2
_05616_,12.2
_01594_,12.19
_01655_,12.18
_02685_,12.18
_04487_,12.18
_04237_,12.175
_02213_,12.16
_03174_,12.16
_04259_,12.16
_00115_,12.14
_01807_,12.14
_04522_,12.14
mplier[30],12.13
_02815_,12.12
_03725_,12.12
_04109_,12.12
_04692_,12.12
_04778_,12.12
_00190_,12.1
_00489_,12.1
_01142_,12.1
_05667_,12.1
_00916_,12.08
_01160_,12.08
_01713_,12.08
_03073_,12.08
_03762_,12.08
_00336_,12.06
_01177_,12.06
_05309_,12.06
_05564_,12.055
_00132_,12.04
_01267_,12.04
_01295_,12.04
_02277_,12.04
_03302_,12.04
_03773_,12.04
_04896_,12.04
_05460_,12.04
_00552_,12.02
_01362_,12.02
_00579_,12.01
_00365_,12
_01289_,12
_01395_,12
_01495_,12
_01998_,12
_03391_,12
_05414_,12
_00886_,11.98
_01550_,11.98
_01725_,11.98
_02835_,11.98
_00023_,11.975
_01593_,11.96
_02788_,11.96
_03860_,11.96
_04278_,11.96
_04603_,11.96
_05357_,11.96
_01565_,11.92
_01799_,11.92
_02573_,11.92
_03265_,11.92
_04573_,11.92
_04914_,11.92
_05026_,11.92
_05402_,11.92
_02121_,11.9
_02814_,11.9
_03114_,11.9
_04383_,11.9
_02642_,11.89
_00144_,11.88
_00696_,11.88
_00891_,11.88
_01224_,11.88
_02417_,11.88
_02476_,11.88
_03246_,11.88
_03270_,11.88
_03566_,11.88
_03630_,11.88
_03786_,11.88
_01212_,11.87
_00541_,11.86
_03481_,11.86
_01110_,11.84
_03076_,11.84
_04087_,11.84
_00829_,11.82
_02352_,11.82
_00378_,11.8
_01209_,11.8
_02297_,11.8
_03456_,11.8
_03585_,11.8
_04102_,11.8
_04631_,11.8
_05436_,11.8
_02880_,11.78
_02988_,11.78
_00134_,11.76
_02107_,11.76
_02434_,11.76
_02683_,11.76
_04566_,11.76
_00004_,11.72
_01239_,11.72
_02066_,11.72
_02216_,11.72
_02673_,11.72
_03427_,11.72
_03900_,11.72
_04028_,11.72
_00469_,11.7
_00592_,11.7
_01459_,11.7
_02435_,11.7
_01374_,11.69
_03962_,11.69
_01836_,11.68
_05438_,11.68
_02089_,11.67
_01107_,11.66
_01230_,11.66
_03113_,11.66
_03793_,11.66
_03815_,11.66
_04100_,11.66
_04923_,11.66
_05031_,11.66
_02844_,11.64
_03374_,11.64
_03647_,11.64
_04303_,11.64
_05587_,11.64
_01043_,11.62
_04938_,11.62
_04349_,11.6
_05596_,11.6
_01275_,11.58
_02367_,11.58
_02776_,11.58
_05594_,11.58
_01906_,11.575
_01435_,11.57
_01277_,11.56
_01752_,11.56
_02890_,11.56
_01659_,11.54
_02013_,11.54
_02223_,11.54
_03944_,11.54
_05104_,11.54
_05546_,11.54
_04437_,11.53
_00276_,11.52
_01626_,11.52
_04302_,11.515
_01969_,11.5
_03234_,11.5
_02235_,11.48
_03449_,11.48
mcand[29],11.48
net157,11.48
_00068_,11.46
_00580_,11.46
_01555_,11.46
_01868_,11.46
_01961_,11.46
_03852_,11.46
_05261_,11.46
net161,11.46
_00998_,11.44
_02378_,11.44
_02957_,11.44
_05340_,11.44
_05385_,11.44
_04314_,11.43
_00104_,11.42
_00162_,11.42
_00970_,11.42
_01150_,11.42
_02033_,11.42
_02146_,11.42
_03025_,11.42
_03581_,11.42
_04699_,11.42
_05362_,11.42
_01988_,11.4
_03507_,11.4
_05360_,11.4
_04534_,11.39
_04344_,11.38
_04415_,11.38
_05101_,11.38
_00229_,11.36
_03528_,11.36
_03874_,11.35
_00122_,11.34
_00216_,11.34
_00375_,11.34
_00479_,11.34
_01994_,11.34
_02777_,11.34
_03416_,11.34
_03539_,11.34
_03896_,11.34
_05142_,11.34
net171,11.34
_00251_,11.32
_00441_,11.32
_00540_,11.32
_01066_,11.32
_01757_,11.32
_05170_,11.32
_05483_,11.32
_05496_,11.32
_01088_,11.31
_01204_,11.3
_04532_,11.3
_04612_,11.3
_04983_,11.3
_01085_,11.295
_00875_,11.28
_02018_,11.28
_03882_,11.28
_03771_,11.27
_00009_,11.26
_04757_,11.26
_05454_,11.26
product[43],11.26
_00080_,11.24
_01331_,11.24
_05009_,11.24
product[17],11.24
product[46],11.24
product[60],11.24
product[63],11.24
_00306_,11.22
_02183_,11.22
_03430_,11.22
_05353_,11.22
_00057_,11.2
_00640_,11.2
_00910_,11.2
_01079_,11.2
_01113_,11.2
_01125_,11.2
_01578_,11.2
_03712_,11.2
_04912_,11.2
_00110_,11.18
_01788_,11.18
_02348_,11.18
_04018_,11.18
_00429_,11.16
_02484_,11.16
_02942_,11.16
_03049_,11.16
_03311_,11.16
_03735_,11.16
_04210_,11.16
_04452_,11.16
_05169_,11.16
_05211_,11.16
_00749_,11.155
_00613_,11.14
_04574_,11.14
mplier[9],11.14
_01462_,11.12
_05654_,11.12
_00053_,11.1
_01010_,11.1
_03857_,11.1
_00323_,11.08
_00374_,11.08
_00397_,11.08
_01120_,11.08
_01191_,11.08
_01609_,11.08
_03613_,11.08
_05364_,11.08
_05603_,11.08
_03913_,11.07
_04865_,11.07
_01069_,11.06
_04254_,11.06
_02718_,11.04
_04978_,11.04
_02975_,11.02
mplier[13],11.02
_01001_,11
_01030_,11
_01890_,11
_03475_,11
_05359_,11
_05430_,11
_02524_,10.98
_03588_,10.98
_03911_,10.98
_01953_,10.96
_02314_,10.96
_02725_,10.96
_03727_,10.96
_03958_,10.96
_03977_,10.96
_04217_,10.96
_04312_,10.96
_00948_,10.94
_01477_,10.94
_05532_,10.94
_03258_,10.915
_02324_,10.9
_02438_,10.9
_01722_,10.88
_03164_,10.88
_03318_,10.88
_03404_,10.88
_03699_,10.88
_05081_,10.88
_05149_,10.88
_00842_,10.86
_01615_,10.86
_02566_,10.86
_02631_,10.86
_03446_,10.86
_03939_,10.86
_04426_,10.86
_04890_,10.86
_05181_,10.86
_00503_,10.84
_01029_,10.84
_01661_,10.84
_01873_,10.84
_02021_,10.84
_02115_,10.84
_02888_,10.84
_00425_,10.82
_03513_,10.82
_01159_,10.8
_02368_,10.8
_02463_,10.8
_03190_,10.8
_04333_,10.8
_05062_,10.8
_00098_,10.78
_00520_,10.78
_01206_,10.78
_01790_,10.78
_02167_,10.78
_03959_,10.78
_04272_,10.78
product[15],10.77
_01260_,10.76
_01454_,10.76
_02047_,10.76
_03336_,10.76
_03547_,10.76
_04235_,10.76
_04551_,10.76
_04774_,10.76
_03063_,10.75
_00964_,10.74
_01509_,10.74
_02475_,10.74
_02501_,10.74
_04656_,10.74
_04711_,10.74
_04997_,10.74
_05271_,10.74
_01765_,10.73
_02451_,10.73
_04611_,10.73
_01071_,10.72
_02258_,10.72
_01786_,10.705
_01918_,10.7
_02092_,10.7
_02328_,10.7
_02831_,10.7
_05188_,10.7
_00549_,10.695
_00338_,10.66
_00435_,10.66
_01059_,10.66
_02029_,10.66
_02169_,10.66
_03316_,10.66
_04323_,10.66
_04921_,10.66
_04956_,10.66
_00621_,10.64
_01812_,10.64
_02049_,10.64
_02180_,10.64
_03001_,10.64
_03448_,10.64
_03523_,10.64
_03600_,10.64
_03632_,10.64
_00196_,10.62
_00527_,10.62
_01808_,10.62
_02465_,10.62
_03858_,10.62
_03970_,10.62
_04059_,10.62
_04192_,10.62
_04836_,10.62
_04898_,10.62
_05285_,10.62
_05461_,10.62
_02969_,10.61
_04660_,10.61
_05548_,10.6
_05324_,10.58
_00016_,10.56
_02347_,10.56
_00100_,10.54
_00826_,10.54
_01794_,10.54
_01999_,10.54
_02481_,10.54
_03443_,10.54
net143,10.54
_03368_,10.52
_03707_,10.52
_03713_,10.52
_04649_,10.52
_00588_,10.5
_01840_,10.5
_01878_,10.5
_02290_,10.5
_02803_,10.5
_03465_,10.5
_03553_,10.5
_04617_,10.5
_04647_,10.5
_04828_,10.5
_05059_,10.5
_01058_,10.48
_01724_,10.46
_02572_,10.46
_04624_,10.46
_05295_,10.46
_05253_,10.44
_02546_,10.42
_02601_,10.42
_05128_,10.42
_05167_,10.42
_05440_,10.42
_01234_,10.4
_02717_,10.4
_02801_,10.4
_03150_,10.4
_03243_,10.4
_00704_,10.38
_02074_,10.38
_02507_,10.38
_02687_,10.38
_02922_,10.38
_04644_,10.38
_04736_,10.38
_04777_,10.38
_05692_,10.38
_00067_,10.36
_02233_,10.36
_00484_,10.34
_00791_,10.34
_03495_,10.34
product[3],10.34
_00137_,10.32
_01558_,10.32
_02293_,10.32
_03149_,10.32
_03957_,10.32
_05151_,10.32
product[4],10.32
product[50],10.32
product[62],10.32
_00784_,10.3
_01100_,10.3
_01545_,10.3
_01686_,10.3
_01947_,10.3
_02151_,10.3
_03334_,10.3
_04793_,10.3
_05083_,10.3
_00576_,10.28
_00636_,10.28
_01573_,10.28
_01621_,10.28
_02682_,10.28
_02978_,10.28
_03689_,10.28
_03936_,10.28
_05072_,10.28
_05598_,10.28
_00938_,10.26
_03139_,10.26
_03711_,10.26
_01195_,10.24
_01777_,10.24
_02898_,10.24
_04184_,10.24
_04601_,10.24
_04808_,10.24
_02375_,10.23
_00768_,10.22
_00973_,10.22
_01632_,10.22
_02591_,10.22
_02873_,10.21
_00088_,10.2
_00312_,10.2
_00385_,10.2
_00967_,10.2
_02657_,10.2
_02876_,10.2
_03203_,10.2
_04169_,10.2
_05602_,10.2
mcand[5],10.2
mcand[7],10.2
mplier[21],10.2
mplier[3],10.2
net154,10.2
_00302_,10.18
_00723_,10.18
_03922_,10.18
_04963_,10.18
_00214_,10.175
_00096_,10.16
_00303_,10.16
_01248_,10.16
_01436_,10.16
_01690_,10.16
_01951_,10.16
_02158_,10.16
_03197_,10.16
_03520_,10.16
_03545_,10.16
_04243_,10.16
_04822_,10.16
_04907_,10.16
_05042_,10.16
_00175_,10.14
_00726_,10.14
_00977_,10.14
_03335_,10.14
_03141_,10.13
_01872_,10.12
_02240_,10.12
_03701_,10.12
_04504_,10.12
_05021_,10.12
_02196_,10.11
_02247_,10.1
_04134_,10.1
_00099_,10.08
_00141_,10.08
_01747_,10.08
_02805_,10.08
_03708_,10.08
_04282_,10.08
mcand[13],10.08
mcand[15],10.08
mcand[18],10.08
mcand[1],10.08
mcand[27],10.08
mcand[30],10.08
mplier[19],10.08
mplier[23],10.08
mplier[7],10.08
mplier[8],10.08
_01419_,10.06
_04910_,10.06
_00560_,10.05
_01611_,10.04
_03023_,10.04
_03785_,10.04
_03800_,10.04
_05573_,10.04
_02698_,10.035
_01347_,10
_01400_,10
_02508_,10
_03511_,10
_04410_,10
_04927_,10
_04740_,9.99
_01832_,9.985
_00957_,9.98
_01967_,9.98
_02306_,9.98
_04986_,9.98
_05129_,9.98
product[19],9.98
product[38],9.98
product[49],9.98
_00740_,9.96
_00879_,9.96
_01166_,9.96
_01974_,9.96
_02855_,9.96
_05214_,9.96
_00639_,9.94
_01446_,9.94
_01714_,9.94
_02859_,9.94
_03036_,9.94
_04686_,9.94
_04866_,9.94
_05198_,9.94
_00643_,9.92
_01084_,9.92
_01950_,9.92
_03887_,9.9
_04205_,9.9
_04667_,9.9
_04683_,9.9
_00017_,9.88
_03021_,9.88
_05082_,9.865
_00123_,9.86
_00434_,9.86
_03905_,9.86
_05146_,9.86
_05447_,9.86
product[45],9.86
product[51],9.86
product[56],9.86
_02100_,9.855
_05431_,9.85
_00044_,9.84
_00230_,9.84
_01986_,9.84
_03131_,9.84
_04188_,9.84
_05356_,9.84
_01298_,9.83
_00777_,9.82
_01912_,9.82
_02743_,9.82
_02889_,9.82
_03276_,9.82
_03337_,9.82
_00649_,9.8
_00833_,9.8
_00136_,9.78
_01453_,9.78
_01522_,9.78
_01664_,9.78
_02318_,9.78
_03544_,9.78
_04231_,9.78
net169,9.78
_01121_,9.775
mcand[0],9.77
_00700_,9.76
_00885_,9.76
_02660_,9.76
_02763_,9.76
_03140_,9.76
_03686_,9.74
_05615_,9.74
mcand[4],9.74
_01022_,9.72
_01038_,9.72
_01312_,9.72
_02286_,9.72
_02462_,9.72
_02852_,9.72
_04519_,9.72
_04595_,9.72
_05504_,9.72
_00194_,9.7
_00519_,9.7
_01925_,9.7
_02879_,9.7
_03253_,9.7
_03764_,9.7
_03826_,9.7
_05218_,9.7
_01437_,9.69
_03961_,9.69
_01636_,9.68
_02272_,9.68
_03411_,9.68
_05241_,9.675
_00327_,9.66
_02616_,9.66
_00022_,9.64
_05330_,9.64
product[5],9.64
_00433_,9.635
_01539_,9.63
_01106_,9.62
_01481_,9.62
_02704_,9.62
_03038_,9.62
_05217_,9.62
_01717_,9.61
_00483_,9.58
_00694_,9.58
_00959_,9.58
_01340_,9.58
_02071_,9.58
_02316_,9.58
_02430_,9.58
_02874_,9.58
_03607_,9.58
_03840_,9.58
_04518_,9.58
_05091_,9.58
_05194_,9.58
_05466_,9.58
_01513_,9.575
_01183_,9.56
_03403_,9.56
_00595_,9.54
_01448_,9.54
_02350_,9.54
_04495_,9.54
_04893_,9.535
_00305_,9.52
_00568_,9.52
_00790_,9.52
_00899_,9.52
_02175_,9.52
_04276_,9.52
_04742_,9.52
_05298_,9.52
_00539_,9.5
_01063_,9.5
_01383_,9.5
_01468_,9.5
_01658_,9.5
_03039_,9.5
_03299_,9.5
_03775_,9.5
_05255_,9.5
_03952_,9.485
_01227_,9.48
_01756_,9.48
_02221_,9.48
_03691_,9.48
_04471_,9.48
_00831_,9.47
_00655_,9.46
_01623_,9.46
_02694_,9.46
_02923_,9.46
_03066_,9.46
_00960_,9.45
_01630_,9.44
_01948_,9.44
_05377_,9.44
_02766_,9.42
_03466_,9.42
_04160_,9.42
_05123_,9.42
_04961_,9.41
_00902_,9.4
_05075_,9.4
product[10],9.4
_00487_,9.38
_00805_,9.38
_01148_,9.38
_01294_,9.38
_01460_,9.38
_02279_,9.38
_02322_,9.38
_02669_,9.38
_04857_,9.38
_05507_,9.38
_00677_,9.375
_00878_,9.36
_00921_,9.36
_00947_,9.36
_01096_,9.36
_02095_,9.36
_03384_,9.36
_03531_,9.36
_03726_,9.36
_04393_,9.36
_01246_,9.355
_00052_,9.34
_02220_,9.34
_02335_,9.34
_04386_,9.32
_05108_,9.32
_05588_,9.32
_01139_,9.31
_03477_,9.31
_01144_,9.3
_04206_,9.3
_03702_,9.29
_00574_,9.28
_01253_,9.28
_01990_,9.28
_02643_,9.28
_04920_,9.28
_02478_,9.265
_00079_,9.26
_01290_,9.26
_02761_,9.26
_02962_,9.26
_02474_,9.255
_00681_,9.24
_01133_,9.24
_01764_,9.24
_02971_,9.24
_03809_,9.24
_03868_,9.24
_04007_,9.24
_04506_,9.24
_04556_,9.24
_05592_,9.24
_05645_,9.24
_02464_,9.22
_03292_,9.22
_01719_,9.2
_04641_,9.19
_02845_,9.18
_05531_,9.18
_00119_,9.16
_00525_,9.16
_01479_,9.16
_02111_,9.16
_02154_,9.16
_02612_,9.16
_03792_,9.16
_04817_,9.16
_05680_,9.16
_02292_,9.14
_03609_,9.14
_02802_,9.12
_02901_,9.12
_03307_,9.12
_03892_,9.12
_03964_,9.12
_04125_,9.12
_04317_,9.12
_04446_,9.12
_04688_,9.12
_04744_,9.12
_00743_,9.08
_02370_,9.08
_01288_,9.075
_00091_,9.06
_00095_,9.06
_02310_,9.06
_03348_,9.06
_03645_,9.06
_03714_,9.06
_04195_,9.06
_00120_,9.04
_00414_,9.04
_00742_,9.04
_02706_,9.04
_03235_,9.04
_03722_,9.04
_04384_,9.04
_04490_,9.04
_04622_,9.04
_02305_,9.02
_02406_,9.02
_02875_,9.02
_03401_,9.02
_03584_,9.02
_03871_,9.02
_03907_,9.02
_03991_,9.02
_04038_,9.02
_04376_,9.02
_04467_,9.02
_04567_,9.02
_04578_,9.02
_04975_,9.02
_02431_,9
_05316_,9
_00521_,8.98
_00909_,8.98
_02548_,8.98
_02613_,8.98
_02945_,8.98
_03724_,8.98
_04033_,8.98
_04034_,8.98
_04191_,8.98
_05037_,8.98
_05125_,8.98
_00776_,8.96
_01668_,8.96
_02422_,8.96
_02752_,8.96
_03885_,8.96
_04159_,8.96
_05422_,8.96
product[25],8.96
product[27],8.96
_05567_,8.95
_00793_,8.94
_02363_,8.94
_02655_,8.94
_03135_,8.94
_05118_,8.94
_05621_,8.94
_05670_,8.94
_00213_,8.93
_04058_,8.93
_01062_,8.92
_01789_,8.92
_01952_,8.92
_02245_,8.92
_03843_,8.92
_04790_,8.92
_03422_,8.91
_00063_,8.9
_00390_,8.9
_00706_,8.9
_01279_,8.9
_01891_,8.9
_03168_,8.9
_03974_,8.9
_04834_,8.9
_04885_,8.9
_04937_,8.9
_05040_,8.9
net153,8.9
_01702_,8.88
_01730_,8.88
_02756_,8.88
_03306_,8.88
_03366_,8.88
_00958_,8.84
_04593_,8.84
mcand[16],8.84
mcand[22],8.84
mplier[11],8.84
mplier[14],8.84
mplier[16],8.84
_01293_,8.82
_01749_,8.82
_02143_,8.82
_03064_,8.82
_04945_,8.82
_05517_,8.82
_05396_,8.815
_02861_,8.8
_03514_,8.8
_04654_,8.8
_05006_,8.8
_02829_,8.795
_03948_,8.79
_00155_,8.78
_00287_,8.78
_00516_,8.78
_01283_,8.78
_01377_,8.78
_01909_,8.78
_02380_,8.78
_02441_,8.78
_03846_,8.78
_04067_,8.78
_04177_,8.78
_04178_,8.78
_04609_,8.78
_05236_,8.78
_00518_,8.76
_00982_,8.76
_02606_,8.72
_03821_,8.72
_04166_,8.72
_05247_,8.72
mcand[26],8.72
mcand[2],8.72
mcand[3],8.72
mcand[8],8.72
mplier[17],8.72
mplier[1],8.72
mplier[29],8.72
_00206_,8.7
_00778_,8.7
_01026_,8.7
_02414_,8.7
_04056_,8.7
_04240_,8.7
_04561_,8.7
_04717_,8.7
_00304_,8.695
_04207_,8.68
_05199_,8.68
_05372_,8.68
_00177_,8.66
_00727_,8.66
_00904_,8.66
_01045_,8.66
_01634_,8.66
_02063_,8.66
_02555_,8.66
_02989_,8.66
_03998_,8.66
_04077_,8.66
_04220_,8.66
_04296_,8.66
_04372_,8.66
_04697_,8.66
_05624_,8.66
_01350_,8.64
_03285_,8.64
_02728_,8.62
_03445_,8.62
_01685_,8.6
_02259_,8.6
_02421_,8.6
_04636_,8.6
_02238_,8.59
net165,8.59
_00083_,8.58
_01705_,8.58
_01861_,8.58
_01901_,8.58
_01957_,8.58
_02767_,8.58
_03046_,8.58
_03211_,8.58
_03242_,8.58
_03367_,8.58
_03590_,8.58
_04432_,8.58
_04672_,8.58
_04862_,8.58
_05505_,8.58
_00353_,8.56
_00490_,8.56
_00674_,8.56
_01231_,8.56
_02038_,8.56
_02961_,8.56
_03546_,8.56
_03988_,8.56
_04116_,8.56
_04895_,8.56
_05127_,8.56
_05229_,8.56
_00456_,8.54
_02535_,8.54
_02541_,8.54
_02974_,8.54
_03098_,8.54
_04277_,8.53
_00125_,8.52
_02904_,8.52
_04588_,8.52
_05168_,8.52
_03979_,8.5
_04171_,8.5
_04994_,8.5
_04996_,8.49
_05157_,8.49
_01169_,8.48
_01375_,8.48
_02584_,8.48
_02795_,8.48
_02796_,8.48
_03463_,8.48
_04962_,8.48
_00436_,8.46
_00930_,8.46
_01579_,8.46
_04054_,8.46
_04280_,8.46
_04515_,8.46
_04791_,8.46
_04812_,8.46
_01927_,8.455
_01261_,8.44
_01276_,8.44
_01382_,8.44
_01693_,8.44
_01718_,8.44
_01914_,8.44
_02401_,8.44
_02545_,8.44
_03813_,8.44
_03947_,8.44
_05682_,8.44
_02094_,8.42
_04090_,8.4
_04991_,8.4
_05110_,8.4
_05221_,8.4
_03943_,8.38
_00093_,8.36
_01023_,8.36
_01108_,8.36
_01767_,8.36
_02044_,8.36
_02138_,8.36
_02457_,8.36
_02996_,8.36
_03032_,8.36
_03954_,8.36
_04701_,8.36
_04706_,8.36
_05195_,8.36
_05411_,8.36
_05648_,8.36
_00995_,8.355
_03756_,8.35
_01123_,8.34
_02997_,8.34
_03087_,8.34
_03271_,8.34
_04902_,8.34
_04951_,8.34
_01388_,8.335
_00492_,8.32
_01467_,8.32
_01595_,8.32
_01959_,8.32
_02650_,8.32
_03275_,8.32
_03692_,8.32
_04691_,8.32
_05097_,8.32
_05153_,8.32
_03541_,8.295
_00822_,8.29
_01911_,8.28
_02933_,8.26
_02385_,8.25
_03040_,8.25
_03322_,8.25
product[1],8.25
product[20],8.25
_01255_,8.24
_01457_,8.24
_02502_,8.24
_02536_,8.24
_02579_,8.24
_02711_,8.24
_02775_,8.24
_02964_,8.24
_03598_,8.24
_04613_,8.24
_04676_,8.24
_04824_,8.24
_04926_,8.24
_03569_,8.23
_00699_,8.22
_01678_,8.22
_03385_,8.22
_04364_,8.22
_02966_,8.21
_01336_,8.2
_01889_,8.2
_02389_,8.2
_04637_,8.2
_05010_,8.2
_00569_,8.16
_00662_,8.16
_02920_,8.16
mcand[11],8.15
mplier[2],8.15
_03587_,8.145
_00997_,8.14
_02452_,8.14
_05164_,8.14
_02633_,8.13
_00272_,8.12
_00759_,8.12
_00846_,8.12
_01033_,8.12
_01311_,8.12
_01908_,8.12
_02617_,8.12
_02903_,8.12
_03842_,8.12
_04115_,8.12
_04181_,8.12
_04806_,8.12
_04971_,8.12
_05182_,8.12
_00167_,8.1
_00622_,8.1
_00766_,8.1
_02900_,8.1
_03464_,8.1
_03754_,8.1
_03802_,8.1
_04499_,8.1
_04935_,8.1
_05147_,8.1
_05628_,8.1
_00337_,8.08
_02559_,8.08
_04606_,8.06
_05639_,8.06
_01127_,8.04
_03202_,8.04
_03932_,8.04
product[22],8.04
product[28],8.04
product[32],8.04
product[57],8.04
product[6],8.04
_03704_,8.035
_00003_,8.02
_00817_,8.02
_01342_,8.02
_01405_,8.02
_01768_,8.02
_01770_,8.02
_01972_,8.02
_04055_,8.02
_04129_,8.02
_04137_,8.02
_04407_,8.02
_04498_,8.02
_04731_,8.02
_00965_,8
_01833_,8
_01844_,8
_03399_,8
_04228_,8
_04765_,8
_05197_,8
_01710_,7.98
_02222_,7.98
_02881_,7.98
_03117_,7.98
_03597_,7.98
_05025_,7.98
_05076_,7.98
_05077_,7.98
_05150_,7.98
_05237_,7.98
_05331_,7.98
_05500_,7.98
_01346_,7.96
_04305_,7.94
_04401_,7.94
_02794_,7.93
_00328_,7.92
_01343_,7.92
_02754_,7.92
_02759_,7.92
_05361_,7.92
_00148_,7.91
mcand[10],7.91
_00000_,7.9
_02287_,7.9
_02331_,7.9
_02409_,7.9
_02672_,7.9
_02676_,7.9
_02825_,7.9
_03717_,7.9
_03854_,7.9
_05002_,7.9
_02278_,7.89
_01517_,7.88
_04318_,7.88
net164,7.88
_00025_,7.86
_00620_,7.86
_01384_,7.86
_02734_,7.86
_03435_,7.86
_03839_,7.86
_03844_,7.86
_04985_,7.86
_05243_,7.86
_05317_,7.86
_04558_,7.84
_05001_,7.84
_02968_,7.82
_02273_,7.81
_00247_,7.8
_00360_,7.8
_01450_,7.8
_03033_,7.8
_03241_,7.8
_04678_,7.8
_04854_,7.8
_00097_,7.78
_00691_,7.78
_01141_,7.78
_01504_,7.78
_02416_,7.78
_03019_,7.78
_04324_,7.78
_04509_,7.78
_02632_,7.76
_03474_,7.76
_01087_,7.74
_01118_,7.74
_01287_,7.74
_01791_,7.74
_01940_,7.74
_03503_,7.74
_04025_,7.74
_04377_,7.74
_05662_,7.74
_01237_,7.735
_02773_,7.72
_01034_,7.7
_00534_,7.68
_02925_,7.68
_03589_,7.66
_03656_,7.66
_04362_,7.66
_04607_,7.66
_00142_,7.64
_01364_,7.64
_02124_,7.64
_02131_,7.64
_03192_,7.64
_03229_,7.64
_03293_,7.64
_03500_,7.64
_03611_,7.64
_04193_,7.64
_04973_,7.64
_05124_,7.64
_05613_,7.64
_02300_,7.62
_05367_,7.62
_02326_,7.61
_02834_,7.6
_04320_,7.6
_05273_,7.6
_00781_,7.58
_02460_,7.58
_04835_,7.58
_00562_,7.56
_01554_,7.56
_02165_,7.56
_03408_,7.56
_03981_,7.56
_05392_,7.56
_01549_,7.54
_02170_,7.54
_02179_,7.54
_02243_,7.54
_02410_,7.54
_03184_,7.54
_03890_,7.54
_03978_,7.54
_04299_,7.54
_04472_,7.54
_00953_,7.52
_01837_,7.52
_02192_,7.52
_03090_,7.52
_04353_,7.52
_04546_,7.52
_04852_,7.52
_05145_,7.52
_02563_,7.51
_02053_,7.5
_02833_,7.49
_02420_,7.48
_03250_,7.48
_04454_,7.48
_01746_,7.46
_02921_,7.46
_02932_,7.46
_00544_,7.44
_00571_,7.44
_00625_,7.44
_00979_,7.44
_00984_,7.44
_01612_,7.44
_02098_,7.44
_02128_,7.44
_03643_,7.44
_04795_,7.44
_04909_,7.44
_05206_,7.44
_00394_,7.42
_01860_,7.42
_01921_,7.42
_04466_,7.42
_04882_,7.42
_00795_,7.415
_01102_,7.4
_01614_,7.4
_02791_,7.4
_03635_,7.4
_04141_,7.4
_04281_,7.4
_04632_,7.4
_04784_,7.4
_00480_,7.38
_01981_,7.37
_00146_,7.365
_02382_,7.36
_03239_,7.355
_02668_,7.35
_02034_,7.34
_04242_,7.34
_00064_,7.32
_00678_,7.32
_01200_,7.32
_01445_,7.32
_02267_,7.32
_02509_,7.32
_02627_,7.32
_02630_,7.32
_03272_,7.32
_03405_,7.32
_04078_,7.32
_04492_,7.32
_04755_,7.32
_05116_,7.32
_05122_,7.32
_00234_,7.3
_02301_,7.3
_02806_,7.3
_03825_,7.3
_04557_,7.29
_00130_,7.28
_00364_,7.28
_02275_,7.28
_03224_,7.28
_02122_,7.275
_00369_,7.24
_01111_,7.24
_03850_,7.24
_04634_,7.24
_04818_,7.24
_04872_,7.24
_05407_,7.24
_03084_,7.235
_00262_,7.22
_00732_,7.22
_03567_,7.22
_04396_,7.22
_04886_,7.22
_05619_,7.22
_05657_,7.22
_02494_,7.205
_00181_,7.2
_01302_,7.2
_01417_,7.2
_01939_,7.2
_02423_,7.2
_02675_,7.2
_03349_,7.2
_03728_,7.2
_03805_,7.2
_04273_,7.2
_04514_,7.2
_04894_,7.2
_04941_,7.2
_04943_,7.2
_05050_,7.2
_05301_,7.2
net166,7.2
_03125_,7.195
_00149_,7.18
_00438_,7.18
_01589_,7.18
_01792_,7.18
_02289_,7.18
_02547_,7.18
_03092_,7.18
_03248_,7.18
_03498_,7.18
_03914_,7.18
_05148_,7.18
_05462_,7.18
_05481_,7.18
_01900_,7.16
mplier[10],7.13
_00757_,7.12
_03782_,7.12
_04036_,7.12
_04065_,7.12
_04418_,7.12
_04739_,7.12
_05052_,7.12
_05117_,7.12
_02035_,7.11
_00884_,7.1
_01711_,7.1
_01841_,7.1
_02076_,7.1
_02578_,7.1
_03423_,7.1
_04260_,7.1
_04424_,7.1
_04840_,7.1
_00725_,7.08
_02285_,7.08
_03086_,7.08
_04229_,7.08
_04413_,7.08
_02411_,7.07
_00597_,7.06
_00616_,7.06
_00659_,7.06
_01973_,7.06
_03222_,7.06
_04307_,7.06
_04457_,7.06
_04915_,7.06
_04990_,7.06
_03634_,7.04
_04367_,7.04
_01592_,7.03
mcand[6],7.01
_00996_,7
_02765_,7
_03188_,7
_04461_,7
_01739_,6.995
mplier[26],6.99
_00168_,6.98
_00300_,6.98
_00607_,6.98
_01773_,6.98
_02349_,6.98
_02712_,6.98
_02781_,6.98
_02832_,6.98
_03468_,6.98
_03586_,6.98
_04462_,6.98
_04635_,6.98
_05641_,6.98
_03458_,6.96
_04966_,6.96
_04969_,6.96
_05135_,6.96
_00051_,6.94
_01681_,6.94
_02132_,6.94
_03700_,6.92
_05163_,6.92
_01391_,6.9
_00531_,6.88
_03746_,6.88
_00792_,6.875
_00812_,6.86
_01021_,6.86
_01072_,6.86
_02265_,6.86
_03308_,6.86
_03751_,6.86
_05333_,6.86
_03136_,6.84
_03470_,6.84
_01352_,6.82
_02554_,6.82
_03987_,6.82
_05215_,6.82
_05366_,6.82
_00470_,6.78
_02342_,6.78
_02790_,6.78
_04733_,6.78
mcand[12],6.77
_01851_,6.76
_02252_,6.76
_02512_,6.76
_02593_,6.76
_03447_,6.76
_04919_,6.76
_02050_,6.74
_02586_,6.74
_02959_,6.74
_02979_,6.74
_04827_,6.74
_04884_,6.74
_04960_,6.74
_05011_,6.74
_05143_,6.74
_05544_,6.74
_00182_,6.72
_00422_,6.72
_00897_,6.72
_01490_,6.72
_02440_,6.72
_02488_,6.72
_02639_,6.72
_02729_,6.72
_03158_,6.72
_04079_,6.72
_04264_,6.72
_04905_,6.72
_05566_,6.72
_00282_,6.7
_02750_,6.7
_01439_,6.67
_00604_,6.66
_02577_,6.66
_02929_,6.66
_03482_,6.66
_04829_,6.66
_04375_,6.65
_05222_,6.65
_00164_,6.64
_00339_,6.64
_00739_,6.64
_00841_,6.64
_01345_,6.64
_01442_,6.64
_02686_,6.64
_03096_,6.64
_03693_,6.64
_04031_,6.64
_04381_,6.64
_04582_,6.64
_05527_,6.64
_03636_,6.63
_01056_,6.62
_04069_,6.62
_04904_,6.62
_02755_,6.61
_00978_,6.6
_02323_,6.6
_02448_,6.6
_03796_,6.6
_04138_,6.6
_04285_,6.6
_04400_,6.6
_04722_,6.6
_04974_,6.6
_05131_,6.6
_05378_,6.6
_05579_,6.6
_04048_,6.58
_02445_,6.545
_00840_,6.54
_04200_,6.54
_00926_,6.53
_04257_,6.53
_00085_,6.52
_01173_,6.52
_01422_,6.52
_01511_,6.52
_01775_,6.52
_02653_,6.52
_02934_,6.52
_03156_,6.52
_04039_,6.52
_04402_,6.52
_04669_,6.52
_04959_,6.52
_05172_,6.52
_05281_,6.52
_05445_,6.52
_00561_,6.5
_02106_,6.5
_03888_,6.5
_03942_,6.5
_01348_,6.48
_01564_,6.48
_02078_,6.48
_03909_,6.48
_02088_,6.47
_03378_,6.46
_05580_,6.44
_00028_,6.42
_00263_,6.42
_01763_,6.41
_01067_,6.4
_01073_,6.4
_01094_,6.4
_03132_,6.4
_05265_,6.4
_05479_,6.4
_02620_,6.39
_00393_,6.38
_00550_,6.38
_02099_,6.38
_02588_,6.38
_03283_,6.38
_01586_,6.37
_01215_,6.36
mcand[23],6.33
_00658_,6.32
_00868_,6.32
_04858_,6.32
mplier[15],6.31
mplier[4],6.31
_00029_,6.3
_01145_,6.3
_02137_,6.3
_02248_,6.3
_02294_,6.3
_02487_,6.3
_02629_,6.3
_03010_,6.3
_05053_,6.3
_05064_,6.3
_05652_,6.3
_01583_,6.29
_02628_,6.29
_00019_,6.28
_00486_,6.28
_00594_,6.28
_02270_,6.28
_03509_,6.28
_05066_,6.28
_05347_,6.28
_05373_,6.28
_00652_,6.26
_01251_,6.26
_01546_,6.26
_01712_,6.26
_02792_,6.26
_03089_,6.26
_03221_,6.26
_03412_,6.26
_03921_,6.26
_04070_,6.26
_04392_,6.26
_04661_,6.26
_04347_,6.25
_03268_,6.24
_00907_,6.235
_01838_,6.22
_00185_,6.21
mplier[5],6.21
product[40],6.21
product[47],6.21
_00712_,6.2
_00770_,6.2
_05296_,6.2
_05399_,6.2
_04581_,6.19
_00880_,6.18
_01332_,6.18
_01373_,6.18
_02241_,6.18
_02916_,6.18
_03769_,6.18
_04709_,6.18
_04981_,6.18
_05015_,6.18
_05023_,6.18
_05238_,6.18
_05282_,6.18
_04535_,6.17
_02381_,6.14
_02561_,6.14
_04189_,6.14
_04508_,6.14
_05105_,6.14
net167,6.14
_03075_,6.1
mcand[28],6.09
mplier[18],6.09
mplier[24],6.09
mplier[31],6.09
_05024_,6.085
_00761_,6.08
_01410_,6.08
_04256_,6.08
_04940_,6.08
_00250_,6.06
_00478_,6.06
_02598_,6.06
_02877_,6.06
_03176_,6.06
_04944_,6.06
_05323_,6.06
_05677_,6.06
_03291_,6.05
_01781_,6.04
_04528_,6.04
_00407_,6.02
_00467_,6.02
_02446_,6.02
_05492_,6.02
_00684_,5.99
mplier[27],5.99
_05074_,5.98
_00291_,5.97
_02531_,5.96
_05488_,5.96
_01218_,5.95
_01000_,5.94
_02537_,5.94
_03878_,5.94
_04599_,5.94
_00654_,5.92
_05286_,5.92
_00692_,5.91
_00975_,5.9
_01002_,5.9
_03561_,5.9
_03681_,5.9
_04620_,5.88
_04839_,5.88
_04083_,5.87
product[33],5.87
_00618_,5.86
_00917_,5.86
_00295_,5.85
_00689_,5.85
_00077_,5.84
_00551_,5.84
_00980_,5.84
_01367_,5.84
_01392_,5.84
_01540_,5.84
_02543_,5.84
_03060_,5.84
_03166_,5.84
_03731_,5.84
_03984_,5.84
_05073_,5.84
_05185_,5.84
_05231_,5.84
_05494_,5.84
_05638_,5.84
_05688_,5.84
net160,5.84
net168,5.84
_01694_,5.835
_00180_,5.82
_00825_,5.82
_00951_,5.82
_00994_,5.82
_02188_,5.82
_02303_,5.82
_02432_,5.82
_03167_,5.82
_03654_,5.82
_04378_,5.82
_05020_,5.82
_05679_,5.82
_00357_,5.8
_01031_,5.8
_01430_,5.8
_01672_,5.8
_03476_,5.8
_04727_,5.8
_04874_,5.8
_03377_,5.78
_03993_,5.78
_02388_,5.75
_00005_,5.74
_00296_,5.74
_01135_,5.74
_01543_,5.74
_01801_,5.74
_02239_,5.74
_02696_,5.74
_03031_,5.74
_03662_,5.74
_04258_,5.74
_05115_,5.74
_05158_,5.74
_05260_,5.74
_00591_,5.72
_00644_,5.72
_01378_,5.72
_01551_,5.72
_03450_,5.72
_03784_,5.72
_04373_,5.72
_04618_,5.72
_05171_,5.72
_05649_,5.72
_01178_,5.7
_02532_,5.7
_04390_,5.7
_05681_,5.7
_02355_,5.68
_02374_,5.68
_02982_,5.68
_03898_,5.68
_04248_,5.68
_04718_,5.68
_04832_,5.68
_04913_,5.68
_05184_,5.68
_00400_,5.65
_05056_,5.64
mcand[14],5.63
product[11],5.63
_01036_,5.62
_01389_,5.62
_02609_,5.62
_05087_,5.62
_05487_,5.62
_02580_,5.61
_00188_,5.6
_01136_,5.6
_01201_,5.6
_02393_,5.6
_02539_,5.6
_03121_,5.6
_03244_,5.6
_03313_,5.6
_03452_,5.6
_03684_,5.6
_03797_,5.6
_04891_,5.6
_05174_,5.6
_05240_,5.6
_01982_,5.595
_04619_,5.58
_00476_,5.56
_01602_,5.56
_02028_,5.56
_02733_,5.56
_02893_,5.56
_03214_,5.555
product[0],5.53
product[29],5.53
product[48],5.53
product[54],5.53
_03144_,5.52
_05583_,5.52
_03479_,5.5
_04958_,5.5
_01944_,5.49
_00764_,5.48
_00779_,5.48
_00950_,5.48
_01915_,5.48
_02025_,5.48
_02127_,5.48
_02495_,5.48
_02797_,5.48
_02986_,5.48
_03353_,5.48
_03677_,5.48
_04186_,5.48
_05358_,5.48
_05570_,5.48
_00763_,5.46
_00834_,5.45
_02614_,5.44
_03953_,5.44
mcand[9],5.41
mplier[20],5.41
_02135_,5.4
_03077_,5.4
_03565_,5.4
_04095_,5.4
_04268_,5.4
_04547_,5.4
_05228_,5.4
_01480_,5.38
_03342_,5.38
_03610_,5.38
_03966_,5.38
_04851_,5.38
_05250_,5.38
net131,5.38
_02257_,5.36
_02684_,5.36
_04001_,5.36
_04460_,5.36
_04735_,5.36
_00883_,5.34
_01726_,5.34
_03820_,5.34
_04308_,5.34
_04327_,5.34
_04766_,5.34
_05038_,5.34
_05106_,5.34
_05234_,5.34
_05535_,5.34
_02931_,5.3
product[18],5.29
product[34],5.29
_03454_,5.28
_05017_,5.28
_05389_,5.28
_05472_,5.28
_00172_,5.26
_00874_,5.26
_00952_,5.26
_01809_,5.26
_01815_,5.26
_01857_,5.26
_01983_,5.26
_02040_,5.26
_02426_,5.26
_02914_,5.26
_02980_,5.26
_03471_,5.26
_03515_,5.26
_03563_,5.26
_04021_,5.26
_04227_,5.26
_04365_,5.26
_05067_,5.26
_05137_,5.26
_05297_,5.26
_05408_,5.26
_05523_,5.26
_05625_,5.26
_01211_,5.24
_02826_,5.24
_03967_,5.24
_00058_,5.22
_02217_,5.22
_03081_,5.22
_03198_,5.22
_03668_,5.22
_05160_,5.22
net128,5.22
net148,5.22
_02311_,5.195
mcand[25],5.19
product[30],5.19
product[58],5.19
product[7],5.19
product[8],5.19
_01854_,5.16
_02037_,5.16
_02237_,5.16
_04073_,5.16
_05003_,5.16
_05495_,5.16
_00128_,5.155
_02491_,5.14
_02621_,5.14
_03111_,5.14
_03397_,5.14
_04147_,5.14
_05393_,5.14
_05673_,5.14
_00528_,5.12
_02299_,5.12
_01483_,5.1
_01979_,5.06
_02415_,5.06
_02757_,5.06
_00078_,5.02
_00133_,5.02
_00847_,5.02
_01325_,5.02
_01398_,5.02
_02867_,5.02
_03284_,5.02
_04734_,5.02
_04837_,5.02
_05207_,5.02
_05524_,5.02
_04537_,5
_05443_,5
product[21],4.95
product[2],4.95
product[31],4.95
_00871_,4.94
_03989_,4.94
_01281_,4.92
_01631_,4.92
_02654_,4.92
_02726_,4.92
_03082_,4.92
_03228_,4.92
_03395_,4.92
_03617_,4.92
_03748_,4.92
_04583_,4.92
_04934_,4.92
_04979_,4.92
_05036_,4.92
_05089_,4.92
_05370_,4.92
_00419_,4.9
_00630_,4.9
_00915_,4.9
_03559_,4.9
_05200_,4.9
_01575_,4.88
_01924_,4.88
_02716_,4.88
_02774_,4.88
_02789_,4.88
_04199_,4.88
_04954_,4.88
_05577_,4.88
_02466_,4.87
product[13],4.85
product[24],4.85
product[35],4.85
product[41],4.85
_00082_,4.83
_00698_,4.82
_02068_,4.82
_02571_,4.82
_02635_,4.82
_03287_,4.82
_03999_,4.82
_04838_,4.82
_05478_,4.82
_00031_,4.8
_00499_,4.8
_00913_,4.8
_01280_,4.8
_01291_,4.8
_01761_,4.8
_02082_,4.8
_02471_,4.8
_02644_,4.8
_04098_,4.8
_04775_,4.8
_04939_,4.8
_05032_,4.8
_05080_,4.8
_05212_,4.8
_05315_,4.8
_05418_,4.8
_05569_,4.8
_01679_,4.78
_02268_,4.78
_05601_,4.78
_01235_,4.76
_01420_,4.76
_02569_,4.76
_03666_,4.76
_05338_,4.76
_04821_,4.75
_04101_,4.73
mcand[17],4.73
mcand[21],4.73
mplier[0],4.73
mplier[6],4.73
_00892_,4.7
_02295_,4.7
_03742_,4.7
_04936_,4.7
_00271_,4.68
_00598_,4.68
_01225_,4.68
_01399_,4.68
_01867_,4.68
_02412_,4.68
_02800_,4.68
_02902_,4.68
_03122_,4.68
_03143_,4.68
_04216_,4.68
_04639_,4.68
_05152_,4.68
_01676_,4.675
_02963_,4.655
product[36],4.61
product[37],4.61
product[53],4.61
_04668_,4.6
_05065_,4.6
_04497_,4.595
_03521_,4.57
_02116_,4.56
_02557_,4.56
_02926_,4.56
_03370_,4.56
_03504_,4.56
_03658_,4.56
_04173_,4.56
_04848_,4.56
_03983_,4.54
_04298_,4.54
_02404_,4.48
_03382_,4.48
_04703_,4.48
_00156_,4.46
_00241_,4.46
_00986_,4.46
_01154_,4.46
_01360_,4.46
_01492_,4.46
_03189_,4.46
_03831_,4.46
_04662_,4.46
_05141_,4.46
_05242_,4.46
_05256_,4.46
_05283_,4.46
net134,4.46
net146,4.46
_02059_,4.44
_04379_,4.44
_00426_,4.42
_02383_,4.42
_04201_,4.42
_04411_,4.42
_05420_,4.42
_05534_,4.42
_00396_,4.36
_00906_,4.36
_02048_,4.36
_05205_,4.36
_00270_,4.34
_00273_,4.34
_00590_,4.34
_01051_,4.34
_01784_,4.34
_02096_,4.34
_02661_,4.34
_03530_,4.34
_03614_,4.34
_03752_,4.34
_04084_,4.34
_04266_,4.34
_04348_,4.34
_05034_,4.34
_05086_,4.34
_05096_,4.34
_05277_,4.34
net139,4.34
_01064_,4.32
_02785_,4.32
_04856_,4.32
product[23],4.27
_05264_,4.24
_05292_,4.24
_00824_,4.22
_02425_,4.22
_03003_,4.22
_03061_,4.22
_00474_,4.14
_03338_,4.14
_04924_,4.14
_00760_,4.12
_01250_,4.12
_00366_,4.1
_02581_,4.1
_02738_,4.1
_03118_,4.1
_03639_,4.1
_04485_,4.1
_03956_,4.03
_00332_,4.02
_00416_,4.02
_01214_,4.02
_01394_,4.02
_02156_,4.02
_02493_,4.02
_04491_,4.02
_04930_,4.02
_00046_,4
_00226_,4
_01434_,4
_01866_,4
_01904_,4
_02315_,4
_02930_,4
_03414_,4
_03437_,4
_03665_,4
_04571_,4
_04682_,4
_04752_,4
_05136_,4
_05226_,4
_05395_,4
net172,4
_00228_,3.98
_00532_,3.95
mplier[25],3.93
product[12],3.93
product[16],3.93
product[39],3.93
product[55],3.93
product[59],3.93
product[9],3.93
_03522_,3.91
_01743_,3.9
_02269_,3.9
_02590_,3.9
_03102_,3.9
_01327_,3.88
_01349_,3.88
_01455_,3.88
_01493_,3.88
_02589_,3.88
_02747_,3.88
_03099_,3.88
_03910_,3.88
_04037_,3.88
_04406_,3.88
_04708_,3.88
_05196_,3.88
_05452_,3.88
_00334_,3.86
_00497_,3.86
_04833_,3.86
_05233_,3.86
_00827_,3.81
_02171_,3.81
_03698_,3.76
_03861_,3.76
_05382_,3.76
_05489_,3.76
_05631_,3.76
_04247_,3.74
_02533_,3.72
_02282_,3.71
_02556_,3.68
_03673_,3.68
_05061_,3.68
_05180_,3.68
_02397_,3.66
_04575_,3.66
_00669_,3.64
_01617_,3.64
_02023_,3.64
_05276_,3.64
_00090_,3.56
_01203_,3.56
_01321_,3.56
_01855_,3.56
_02395_,3.56
_02665_,3.56
_03355_,3.56
_04658_,3.56
_05039_,3.56
_05335_,3.56
_01371_,3.55
_00192_,3.54
_01054_,3.54
_01080_,3.54
_01415_,3.54
_02109_,3.54
_02357_,3.54
_02477_,3.54
_02610_,3.54
_02709_,3.54
_03419_,3.54
_04061_,3.54
_04758_,3.54
_04803_,3.54
_04908_,3.54
_04988_,3.54
_05092_,3.54
_05111_,3.54
_05386_,3.54
_01530_,3.52
_02189_,3.52
_04995_,3.52
_02461_,3.515
_02424_,3.49
mcand[31],3.47
_02360_,3.44
_00730_,3.42
_00934_,3.42
_01376_,3.42
_01910_,3.42
_02371_,3.42
_04136_,3.42
_04589_,3.42
_04591_,3.42
_04712_,3.42
_04903_,3.42
_05051_,3.42
_05132_,3.42
_05290_,3.42
_05528_,3.42
net25,3.42
net110,3.42
net137,3.42
_04545_,3.4
_03231_,3.3
_05618_,3.3
_02707_,3.22
_02749_,3.22
_05442_,3.22
_04530_,3.2
_05187_,3.2
_05647_,3.2
_05239_,3.18
_02442_,3.1
_02482_,3.1
_03266_,3.1
_04888_,3.1
_05409_,3.1
_00482_,3.08
_02735_,3.08
_03540_,3.08
_03556_,3.08
_03688_,3.08
_03706_,3.08
_03930_,3.08
_04076_,3.08
_04306_,3.08
_05049_,3.08
_05109_,3.08
_05321_,3.08
_05644_,3.08
net162,3.08
net170,3.08
_04861_,3.04
_02454_,3.03
_03425_,3.03
_03757_,3.03
_02574_,2.98
_04352_,2.98
_04747_,2.98
_04863_,2.98
_00056_,2.96
_00505_,2.96
_01273_,2.96
_01315_,2.96
_01329_,2.96
_02226_,2.96
_03088_,2.96
_03128_,2.96
_03804_,2.96
_04170_,2.96
_04304_,2.96
_04464_,2.96
_04496_,2.96
_04633_,2.96
_04964_,2.96
_05121_,2.96
_05165_,2.96
_05232_,2.96
_05235_,2.96
net109,2.96
_04805_,2.91
net140,2.89
_01581_,2.84
_03052_,2.84
_05469_,2.79
_00724_,2.76
_01862_,2.76
_04810_,2.76
_04950_,2.76
_00737_,2.74
_03833_,2.74
_03094_,2.72
_01744_,2.71
_00286_,2.64
_01326_,2.64
_01991_,2.64
_02046_,2.64
_02762_,2.64
_03682_,2.64
_04977_,2.64
_04982_,2.64
_05193_,2.64
_05623_,2.64
net65,2.64
_00593_,2.62
_01624_,2.62
_03525_,2.62
_03744_,2.62
_04041_,2.62
_04408_,2.62
_05054_,2.62
_05177_,2.62
_05457_,2.62
_05683_,2.62
net155,2.62
net159,2.62
_02798_,2.57
_03133_,2.57
_01170_,2.52
net150,2.52
_00239_,2.5
_00293_,2.5
_00473_,2.5
_00603_,2.5
_01032_,2.5
_01942_,2.5
_02246_,2.5
_03215_,2.5
_03578_,2.5
_04162_,2.5
_04389_,2.5
_04493_,2.5
_04594_,2.5
_04674_,2.5
_04843_,2.5
_05113_,2.5
_05126_,2.5
_05161_,2.5
_05267_,2.5
net124,2.5
net133,2.5
net156,2.5
_05144_,2.4
_02935_,2.38
_00954_,2.3
_02039_,2.3
_02242_,2.3
_02583_,2.3
_02587_,2.3
_02758_,2.3
_04261_,2.3
_04309_,2.3
_04664_,2.3
_04743_,2.3
_05027_,2.3
_05078_,2.3
_05446_,2.3
_05626_,2.255
_00687_,2.18
_01963_,2.18
_02419_,2.18
_02624_,2.18
_03667_,2.18
_04145_,2.18
_00289_,2.16
_00756_,2.16
_01027_,2.16
_01149_,2.16
_01313_,2.16
_01358_,2.16
_02702_,2.16
_02730_,2.16
_03182_,2.16
_03227_,2.16
_03372_,2.16
_04289_,2.16
_04750_,2.16
_05029_,2.16
_05070_,2.16
_05280_,2.16
_05302_,2.16
_05530_,2.16
_05620_,2.16
net136,2.16
_03801_,2.11
_05498_,2.11
_00267_,2.06
_00601_,2.06
_01256_,2.06
_01755_,2.06
_03863_,2.06
_05287_,2.06
_05522_,2.06
_00055_,2.04
_00145_,2.04
_00780_,2.04
_00889_,2.04
_01053_,2.04
_02526_,2.04
_02753_,2.04
_02768_,2.04
_04204_,2.04
_04560_,2.04
_04584_,2.04
_04846_,2.04
_04860_,2.04
_04929_,2.04
_05100_,2.04
_05374_,2.04
net67,2.04
_00153_,1.84
_01061_,1.84
_03327_,1.84
_03869_,1.84
_04045_,1.82
_05380_,1.82
net152,1.82
_01937_,1.72
_02746_,1.72
_02913_,1.72
_05201_,1.72
_05289_,1.72
_00166_,1.7
_00298_,1.7
_00464_,1.7
_00800_,1.7
_00923_,1.7
_01103_,1.7
_01720_,1.7
_01731_,1.7
_02091_,1.7
_02361_,1.7
_02809_,1.7
_03620_,1.7
_03994_,1.7
_04146_,1.7
_04648_,1.7
_04670_,1.7
_04729_,1.7
_04797_,1.7
_04911_,1.7
_04942_,1.7
_05094_,1.7
_05590_,1.7
_05230_,1.68
_00869_,1.65
_01193_,1.38
_02101_,1.38
_02413_,1.38
_02582_,1.38
_04351_,1.38
_04559_,1.38
_04753_,1.38
_04916_,1.38
_04953_,1.38
_05313_,1.36
_01317_,1.26
_03053_,1.26
_03379_,1.26
_03918_,1.26
_04477_,1.26
_04646_,1.26
_05014_,1.26
_04992_,1.14
_05449_,1.14
_01640_,0.92
_04463_,0.92
_05210_,0.92
_03818_,0.8
_05363_,0.8
_03062_,0.46
_04970_,0.46
